1644537600000,0.15150000,0.15150000,0.15080000,0.15090000,2522976.00000000,1644537779999,381115.40990000,487,865316.00000000,130740.25420000,0
1644537780000,0.15090000,0.15100000,0.15040000,0.15090000,4236244.00000000,1644537959999,637964.86520000,1012,1825056.00000000,274888.52740000,0
1644537960000,0.15080000,0.15110000,0.15070000,0.15110000,1400252.00000000,1644538139999,211320.23890000,304,824296.00000000,124405.32940000,0
1644538140000,0.15120000,0.15160000,0.15110000,0.15140000,1394647.00000000,1644538319999,211175.75770000,312,580510.00000000,87876.15840000,0
1644538320000,0.15140000,0.15160000,0.15120000,0.15150000,650552.00000000,1644538499999,98559.48340000,152,275076.00000000,41688.77860000,0
1644538500000,0.15150000,0.15160000,0.15070000,0.15090000,1609228.00000000,1644538679999,243065.72350000,287,653230.00000000,98625.15900000,0
1644538680000,0.15090000,0.15090000,0.15040000,0.15060000,1244430.00000000,1644538859999,187456.79130000,268,601064.00000000,90566.78710000,0
1644538860000,0.15070000,0.15090000,0.15010000,0.15030000,2279954.00000000,1644539039999,342837.86590000,531,676797.00000000,101773.83480000,0
1644539040000,0.15030000,0.15030000,0.14890000,0.14920000,13937972.00000000,1644539219999,2086185.98680000,3159,3197670.00000000,478470.06230000,0
1644539220000,0.14910000,0.14940000,0.14880000,0.14940000,5410821.00000000,1644539399999,806836.65710000,1396,3038402.00000000,453255.98830000,0
1644539400000,0.14930000,0.14980000,0.14890000,0.14960000,3890612.00000000,1644539579999,581139.36950000,826,2359700.00000000,352426.71890000,0
1644539580000,0.14960000,0.14980000,0.14940000,0.14950000,2272045.00000000,1644539759999,339817.60660000,457,1437452.00000000,214993.31100000,0
1644539760000,0.14960000,0.15040000,0.14960000,0.15020000,1995587.00000000,1644539939999,299482.72520000,474,866058.00000000,129896.80520000,0
1644539940000,0.15020000,0.15050000,0.14980000,0.15020000,2700402.00000000,1644540119999,405617.36410000,431,1640518.00000000,246476.85170000,0
1644540120000,0.15020000,0.15040000,0.14980000,0.14980000,2961773.00000000,1644540299999,444386.01460000,321,304098.00000000,45697.41080000,0
1644540300000,0.14980000,0.15060000,0.14930000,0.15050000,7852671.00000000,1644540479999,1177949.67020000,910,4328918.00000000,649696.88460000,0
1644540480000,0.15040000,0.15070000,0.15020000,0.15060000,1970221.00000000,1644540659999,296325.31330000,394,1060987.00000000,159676.48830000,0
1644540660000,0.15050000,0.15050000,0.15020000,0.15030000,1140428.00000000,1644540839999,171448.68800000,246,380480.00000000,57212.37490000,0
1644540840000,0.15030000,0.15050000,0.15020000,0.15050000,874705.00000000,1644541019999,131511.66090000,201,441395.00000000,66371.12460000,0
1644541020000,0.15050000,0.15070000,0.15020000,0.15040000,2042254.00000000,1644541199999,307392.11800000,400,959455.00000000,144445.42890000,0
1644541200000,0.15040000,0.15070000,0.14990000,0.15050000,2459878.00000000,1644541379999,369438.54240000,402,1483342.00000000,222870.04100000,0
1644541380000,0.15060000,0.15230000,0.15050000,0.15160000,8878638.00000000,1644541559999,1346904.14810000,1999,5057610.00000000,766882.38000000,0
1644541560000,0.15160000,0.15170000,0.15090000,0.15100000,2931950.00000000,1644541739999,443729.61740000,529,1113203.00000000,168501.05460000,0
1644541740000,0.15100000,0.15140000,0.15060000,0.15140000,2742279.00000000,1644541919999,414271.89930000,447,1688327.00000000,255051.34740000,0
1644541920000,0.15150000,0.15150000,0.15100000,0.15140000,2057404.00000000,1644542099999,311202.60070000,343,860412.00000000,130104.29840000,0
1644542100000,0.15140000,0.15180000,0.15130000,0.15170000,2430520.00000000,1644542279999,368471.61760000,484,993750.00000000,150679.94560000,0
1644542280000,0.15170000,0.15170000,0.15110000,0.15120000,1932581.00000000,1644542459999,292604.67640000,451,867469.00000000,131290.44060000,0
1644542460000,0.15110000,0.15130000,0.15080000,0.15110000,1471290.00000000,1644542639999,222145.66100000,317,940012.00000000,141910.87100000,0
1644542640000,0.15110000,0.15150000,0.15100000,0.15150000,6284150.00000000,1644542819999,950706.14830000,575,4175106.00000000,631609.71780000,0
1644542820000,0.15140000,0.15180000,0.15130000,0.15140000,5017179.00000000,1644542999999,760042.48740000,491,1792736.00000000,271576.26020000,0
1644543000000,0.15150000,0.15150000,0.15080000,0.15090000,1944410.00000000,1644543179999,293684.53190000,348,931689.00000000,140624.34360000,0
1644543180000,0.15100000,0.15150000,0.15100000,0.15120000,1226195.00000000,1644543359999,185440.26050000,165,806036.00000000,121879.80410000,0
1644543360000,0.15130000,0.15150000,0.15120000,0.15140000,1002265.00000000,1644543539999,151583.57810000,201,158297.00000000,23953.97580000,0
1644543540000,0.15140000,0.15170000,0.15080000,0.15080000,3446532.00000000,1644543719999,520966.22370000,418,1529778.00000000,231149.11850000,0
1644543720000,0.15080000,0.15090000,0.15040000,0.15070000,2344286.00000000,1644543899999,353179.74700000,398,1324241.00000000,199492.71090000,0
1644543900000,0.15070000,0.15090000,0.15060000,0.15080000,869025.00000000,1644544079999,130990.98960000,204,33637.00000000,5070.74560000,0
1644544080000,0.15080000,0.15110000,0.15080000,0.15110000,700463.00000000,1644544259999,105728.49400000,161,323459.00000000,48814.38280000,0
1644544260000,0.15110000,0.15130000,0.15070000,0.15090000,1558153.00000000,1644544439999,235342.36500000,278,530640.00000000,80120.34760000,0
1644544440000,0.15090000,0.15120000,0.15080000,0.15110000,412453.00000000,1644544619999,62303.64480000,103,356768.00000000,53889.83150000,0
1644544620000,0.15120000,0.15130000,0.15090000,0.15130000,750515.00000000,1644544799999,113394.31980000,181,506206.00000000,76497.87130000,0
1644544800000,0.15120000,0.15130000,0.15100000,0.15120000,512944.00000000,1644544979999,77523.81380000,143,155132.00000000,23456.80800000,0
1644544980000,0.15120000,0.15130000,0.15070000,0.15080000,511536.00000000,1644545159999,77211.62530000,167,185485.00000000,27980.98200000,0
1644545160000,0.15070000,0.15120000,0.15070000,0.15110000,453414.00000000,1644545339999,68469.46740000,127,350277.00000000,52892.04410000,0
1644545340000,0.15100000,0.15110000,0.15030000,0.15060000,1368719.00000000,1644545519999,206124.04740000,285,510822.00000000,76886.10540000,0
1644545520000,0.15060000,0.15090000,0.15060000,0.15070000,1673084.00000000,1644545699999,252070.97140000,204,1216737.00000000,183301.06660000,0
1644545700000,0.15070000,0.15090000,0.15060000,0.15080000,592089.00000000,1644545879999,89272.42220000,123,527576.00000000,79548.74390000,0
1644545880000,0.15080000,0.15090000,0.15030000,0.15040000,1040743.00000000,1644546059999,156778.38560000,225,667839.00000000,100609.60530000,0
1644546060000,0.15040000,0.15070000,0.15030000,0.15070000,559751.00000000,1644546239999,84231.93260000,149,358089.00000000,53892.77290000,0
1644546240000,0.15070000,0.15090000,0.15060000,0.15060000,431520.00000000,1644546419999,65029.79080000,110,101382.00000000,15283.80970000,0
1644546420000,0.15070000,0.15100000,0.15070000,0.15100000,930885.00000000,1644546599999,140500.32930000,168,518975.00000000,78334.12400000,0
1644546600000,0.15100000,0.15130000,0.15090000,0.15130000,812072.00000000,1644546779999,122691.95670000,138,457966.00000000,69192.47380000,0
1644546780000,0.15130000,0.15130000,0.15120000,0.15120000,1231639.00000000,1644546959999,186301.11590000,170,470289.00000000,71127.53800000,0
1644546960000,0.15120000,0.15170000,0.15100000,0.15170000,1578910.00000000,1644547139999,239061.89090000,286,1401978.00000000,212284.46570000,0
1644547140000,0.15170000,0.15170000,0.15130000,0.15140000,547595.00000000,1644547319999,82967.39950000,121,212673.00000000,32220.00900000,0
1644547320000,0.15130000,0.15150000,0.15130000,0.15150000,613061.00000000,1644547499999,92820.82470000,90,512248.00000000,77567.66890000,0
1644547500000,0.15150000,0.15160000,0.15130000,0.15150000,427300.00000000,1644547679999,64698.01180000,69,281954.00000000,42692.06230000,0
1644547680000,0.15160000,0.15180000,0.15130000,0.15160000,1840462.00000000,1644547859999,278811.56300000,263,1281630.00000000,194136.10000000,0
1644547860000,0.15160000,0.15180000,0.15150000,0.15150000,660856.00000000,1644548039999,100216.69310000,146,110834.00000000,16814.03460000,0
1644548040000,0.15150000,0.15210000,0.15150000,0.15210000,480862.00000000,1644548219999,73005.20570000,204,345837.00000000,52507.52910000,0
1644548220000,0.15210000,0.15220000,0.15190000,0.15210000,636136.00000000,1644548399999,96726.57860000,180,278414.00000000,42346.60740000,0
1644548400000,0.15210000,0.15210000,0.15180000,0.15200000,586887.00000000,1644548579999,89176.96290000,152,130465.00000000,19828.32200000,0
1644548580000,0.15200000,0.15220000,0.15190000,0.15210000,533845.00000000,1644548759999,81171.46660000,135,170909.00000000,25995.64950000,0
1644548760000,0.15200000,0.15210000,0.15190000,0.15200000,499178.00000000,1644548939999,75882.64800000,117,279089.00000000,42422.43830000,0
1644548940000,0.15190000,0.15220000,0.15170000,0.15190000,1043382.00000000,1644549119999,158403.10530000,203,379791.00000000,57671.81600000,0
1644549120000,0.15180000,0.15200000,0.15170000,0.15180000,288069.00000000,1644549299999,43746.30730000,125,38583.00000000,5861.27030000,0
1644549300000,0.15180000,0.15220000,0.15160000,0.15190000,2243793.00000000,1644549479999,341039.37690000,330,914119.00000000,138967.69090000,0
1644549480000,0.15200000,0.15220000,0.15190000,0.15200000,320505.00000000,1644549659999,48724.77910000,139,83379.00000000,12675.72380000,0
1644549660000,0.15210000,0.15210000,0.15180000,0.15180000,664574.00000000,1644549839999,100934.31930000,142,307532.00000000,46714.37380000,0
1644549840000,0.15190000,0.15190000,0.15170000,0.15170000,342574.00000000,1644550019999,51990.63290000,132,119704.00000000,18175.09300000,0
1644550020000,0.15170000,0.15210000,0.15170000,0.15200000,1460895.00000000,1644550199999,222037.83890000,232,1072613.00000000,163023.57930000,0
1644550200000,0.15200000,0.15210000,0.15180000,0.15210000,568659.00000000,1644550379999,86416.79310000,144,373593.00000000,56789.75910000,0
1644550380000,0.15200000,0.15210000,0.15170000,0.15170000,1156721.00000000,1644550559999,175693.28730000,215,223101.00000000,33872.86700000,0
1644550560000,0.15170000,0.15180000,0.15150000,0.15170000,744417.00000000,1644550739999,112878.05700000,158,356689.00000000,54086.11940000,0
1644550740000,0.15170000,0.15210000,0.15170000,0.15200000,216401.00000000,1644550919999,32867.99770000,99,84327.00000000,12811.22490000,0
1644550920000,0.15200000,0.15220000,0.15190000,0.15210000,561281.00000000,1644551099999,85349.56150000,121,74110.00000000,11270.63050000,0
1644551100000,0.15210000,0.15210000,0.15170000,0.15190000,664670.00000000,1644551279999,100970.20120000,144,348548.00000000,52931.08990000,0
1644551280000,0.15180000,0.15220000,0.15180000,0.15210000,867575.00000000,1644551459999,131866.55840000,175,431951.00000000,65657.20340000,0
1644551460000,0.15210000,0.15230000,0.15200000,0.15220000,658216.00000000,1644551639999,100160.66650000,206,438907.00000000,66799.09280000,0
1644551640000,0.15210000,0.15220000,0.15200000,0.15220000,490016.00000000,1644551819999,74544.01800000,116,132747.00000000,20194.21790000,0
1644551820000,0.15220000,0.15220000,0.15210000,0.15210000,115871.00000000,1644551999999,17626.03000000,78,20509.00000000,3121.46980000,0
1644552000000,0.15210000,0.15240000,0.15210000,0.15220000,808397.00000000,1644552179999,123046.42580000,170,476659.00000000,72562.42450000,0
1644552180000,0.15230000,0.15240000,0.15220000,0.15230000,421691.00000000,1644552359999,64231.61410000,153,213070.00000000,32459.25810000,0
1644552360000,0.15240000,0.15240000,0.15210000,0.15230000,331725.00000000,1644552539999,50497.31500000,90,226771.00000000,34522.20400000,0
1644552540000,0.15220000,0.15260000,0.15220000,0.15250000,1233354.00000000,1644552719999,188030.13200000,268,1115383.00000000,170050.21460000,0
1644552720000,0.15260000,0.15270000,0.15250000,0.15260000,475721.00000000,1644552899999,72597.98880000,208,232724.00000000,35519.37250000,0
1644552900000,0.15260000,0.15270000,0.15250000,0.15260000,789894.00000000,1644553079999,120531.33570000,176,466940.00000000,71267.48200000,0
1644553080000,0.15260000,0.15280000,0.15250000,0.15270000,456763.00000000,1644553259999,69744.05610000,179,304357.00000000,46476.82410000,0
1644553260000,0.15260000,0.15270000,0.15250000,0.15260000,704928.00000000,1644553439999,107605.17490000,164,464300.00000000,70887.24620000,0
1644553440000,0.15260000,0.15270000,0.15200000,0.15210000,2735484.00000000,1644553619999,416589.74060000,483,857887.00000000,130693.88580000,0
1644553620000,0.15210000,0.15230000,0.15200000,0.15210000,575742.00000000,1644553799999,87583.89140000,107,243025.00000000,36973.33450000,0
1644553800000,0.15210000,0.15230000,0.15200000,0.15230000,743561.00000000,1644553979999,113130.20850000,153,455499.00000000,69309.33960000,0
1644553980000,0.15220000,0.15250000,0.15220000,0.15230000,455615.00000000,1644554159999,69407.79800000,111,231357.00000000,35241.27850000,0
1644554160000,0.15230000,0.15230000,0.15200000,0.15230000,553841.00000000,1644554339999,84259.13790000,152,259633.00000000,39508.60840000,0
1644554340000,0.15230000,0.15230000,0.15170000,0.15170000,2187276.00000000,1644554519999,332370.78210000,411,411067.00000000,62433.26540000,0
1644554520000,0.15170000,0.15190000,0.15150000,0.15170000,989199.00000000,1644554699999,150067.93740000,248,410234.00000000,62236.75030000,0
1644554700000,0.15170000,0.15190000,0.15160000,0.15190000,325976.00000000,1644554879999,49465.31440000,113,189033.00000000,28692.60230000,0
1644554880000,0.15190000,0.15200000,0.15170000,0.15190000,480096.00000000,1644555059999,72882.05320000,102,133893.00000000,20328.54600000,0
1644555060000,0.15180000,0.15200000,0.15180000,0.15180000,326668.00000000,1644555239999,49621.15890000,93,241801.00000000,36730.76800000,0
1644555240000,0.15180000,0.15190000,0.15180000,0.15180000,50335.00000000,1644555419999,7643.19010000,70,23371.00000000,3550.05490000,0
1644555420000,0.15190000,0.15210000,0.15170000,0.15200000,394440.00000000,1644555599999,59909.35200000,137,196960.00000000,29909.89260000,0
1644555600000,0.15190000,0.15200000,0.15160000,0.15170000,329390.00000000,1644555779999,49992.15380000,107,34101.00000000,5174.65810000,0
1644555780000,0.15160000,0.15180000,0.15150000,0.15160000,537711.00000000,1644555959999,81552.19990000,128,101506.00000000,15394.10930000,0
1644555960000,0.15160000,0.15170000,0.15150000,0.15160000,173135.00000000,1644556139999,26251.53600000,70,140297.00000000,21273.34510000,0
1644556140000,0.15170000,0.15170000,0.15140000,0.15150000,493667.00000000,1644556319999,74810.13970000,137,58466.00000000,8863.79670000,0
1644556320000,0.15140000,0.15140000,0.15090000,0.15110000,1984579.00000000,1644556499999,299933.10310000,407,1144532.00000000,173011.87390000,0
1644556500000,0.15110000,0.15140000,0.15100000,0.15120000,1151348.00000000,1644556679999,174018.81390000,205,861155.00000000,130166.18980000,0
1644556680000,0.15130000,0.15130000,0.15110000,0.15130000,279520.00000000,1644556859999,42269.56160000,82,157158.00000000,23769.41820000,0
1644556860000,0.15120000,0.15140000,0.15110000,0.15110000,352141.00000000,1644557039999,53269.29160000,120,170272.00000000,25759.04120000,0
1644557040000,0.15110000,0.15130000,0.15100000,0.15120000,712096.00000000,1644557219999,107615.31270000,160,225009.00000000,34009.13020000,0
1644557220000,0.15110000,0.15120000,0.15100000,0.15120000,588447.00000000,1644557399999,88917.71520000,159,110241.00000000,16660.85350000,0
1644557400000,0.15110000,0.15130000,0.15110000,0.15120000,291739.00000000,1644557579999,44096.56430000,70,128599.00000000,19444.22560000,0
1644557580000,0.15130000,0.15150000,0.15130000,0.15130000,572749.00000000,1644557759999,86697.13560000,142,288188.00000000,43622.08660000,0
1644557760000,0.15130000,0.15140000,0.15120000,0.15130000,875578.00000000,1644557939999,132475.04870000,171,346313.00000000,52400.54760000,0
1644557940000,0.15130000,0.15150000,0.15130000,0.15140000,512797.00000000,1644558119999,77607.42550000,99,170367.00000000,25794.90010000,0
1644558120000,0.15140000,0.15150000,0.15120000,0.15130000,405181.00000000,1644558299999,61321.12990000,115,101329.00000000,15335.43200000,0
1644558300000,0.15130000,0.15140000,0.15120000,0.15130000,605505.00000000,1644558479999,91611.43190000,150,137870.00000000,20860.00930000,0
1644558480000,0.15130000,0.15160000,0.15120000,0.15150000,743407.00000000,1644558659999,112643.11940000,151,570104.00000000,86388.86880000,0
1644558660000,0.15140000,0.15140000,0.15100000,0.15110000,639328.00000000,1644558839999,96669.55570000,189,321336.00000000,48578.90150000,0
1644558840000,0.15120000,0.15120000,0.15090000,0.15110000,980188.00000000,1644559019999,148050.99270000,236,604965.00000000,91374.92360000,0
1644559020000,0.15110000,0.15130000,0.15070000,0.15070000,1021647.00000000,1644559199999,154265.83020000,316,319526.00000000,48282.22840000,0
1644559200000,0.15080000,0.15110000,0.15060000,0.15100000,765847.00000000,1644559379999,115532.27580000,322,437881.00000000,66081.07660000,0
1644559380000,0.15100000,0.15150000,0.15100000,0.15150000,389930.00000000,1644559559999,58994.86050000,162,191634.00000000,28998.15080000,0
1644559560000,0.15150000,0.15160000,0.15130000,0.15160000,513480.00000000,1644559739999,77769.77960000,159,138355.00000000,20963.08710000,0
1644559740000,0.15160000,0.15200000,0.15150000,0.15180000,830443.00000000,1644559919999,125981.77590000,261,400547.00000000,60757.84010000,0
1644559920000,0.15180000,0.15190000,0.15170000,0.15180000,549557.00000000,1644560099999,83439.24080000,141,302460.00000000,45930.45060000,0
1644560100000,0.15190000,0.15190000,0.15160000,0.15170000,504204.00000000,1644560279999,76504.09970000,180,119024.00000000,18060.34020000,0
1644560280000,0.15180000,0.15180000,0.15150000,0.15170000,1017677.00000000,1644560459999,154285.19200000,185,170922.00000000,25922.75350000,0
1644560460000,0.15180000,0.15190000,0.15180000,0.15190000,847824.00000000,1644560639999,128727.00740000,157,656936.00000000,99742.37780000,0
1644560640000,0.15180000,0.15190000,0.15170000,0.15180000,193314.00000000,1644560819999,29348.21340000,117,41267.00000000,6268.30230000,0
1644560820000,0.15180000,0.15200000,0.15180000,0.15190000,667111.00000000,1644560999999,101340.73770000,178,564985.00000000,85827.88430000,0
1644561000000,0.15190000,0.15210000,0.15180000,0.15200000,734572.00000000,1644561179999,111645.76340000,164,322390.00000000,49016.64630000,0
1644561180000,0.15200000,0.15200000,0.15160000,0.15170000,584247.00000000,1644561359999,88688.94250000,209,140377.00000000,21312.67680000,0
1644561360000,0.15170000,0.15180000,0.15150000,0.15170000,701319.00000000,1644561539999,106356.37470000,160,123403.00000000,18719.96850000,0
1644561540000,0.15160000,0.15180000,0.15160000,0.15180000,5245655.00000000,1644561719999,795813.48740000,255,4611887.00000000,699641.70910000,0
1644561720000,0.15170000,0.15210000,0.15170000,0.15190000,751091.00000000,1644561899999,114110.90170000,155,316015.00000000,48007.68650000,0
1644561900000,0.15190000,0.15200000,0.15180000,0.15200000,253321.00000000,1644562079999,38487.31000000,79,116454.00000000,17698.60330000,0
1644562080000,0.15210000,0.15230000,0.15200000,0.15210000,1300944.00000000,1644562259999,197935.90280000,236,563314.00000000,85720.82930000,0
1644562260000,0.15220000,0.15220000,0.15200000,0.15210000,421162.00000000,1644562439999,64074.82410000,144,149976.00000000,22821.95620000,0
1644562440000,0.15210000,0.15220000,0.15200000,0.15210000,310083.00000000,1644562619999,47170.97010000,148,140974.00000000,21448.66980000,0
1644562620000,0.15220000,0.15220000,0.15190000,0.15200000,665073.00000000,1644562799999,101119.92880000,154,86625.00000000,13179.19850000,0
1644562800000,0.15190000,0.15200000,0.15180000,0.15190000,425197.00000000,1644562979999,64586.79310000,140,116613.00000000,17714.62430000,0
1644562980000,0.15180000,0.15200000,0.15180000,0.15200000,84293.00000000,1644563159999,12801.78620000,87,55545.00000000,8437.83000000,0
1644563160000,0.15190000,0.15230000,0.15190000,0.15230000,505073.00000000,1644563339999,76865.99230000,184,417947.00000000,63612.06160000,0
1644563340000,0.15230000,0.15240000,0.15200000,0.15210000,578055.00000000,1644563519999,87980.20010000,179,344245.00000000,52398.12190000,0
1644563520000,0.15210000,0.15230000,0.15200000,0.15230000,329120.00000000,1644563699999,50063.89610000,130,228633.00000000,34784.67870000,0
1644563700000,0.15220000,0.15230000,0.15200000,0.15210000,772699.00000000,1644563879999,117589.90280000,202,562018.00000000,85543.88550000,0
1644563880000,0.15210000,0.15230000,0.15190000,0.15190000,299600.00000000,1644564059999,45577.96740000,152,63902.00000000,9723.86780000,0
1644564060000,0.15190000,0.15200000,0.15170000,0.15200000,518877.00000000,1644564239999,78785.71140000,156,115827.00000000,17592.57380000,0
1644564240000,0.15190000,0.15220000,0.15190000,0.15200000,636395.00000000,1644564419999,96768.51090000,136,446494.00000000,67893.35790000,0
1644564420000,0.15200000,0.15220000,0.15190000,0.15210000,436476.00000000,1644564599999,66380.67070000,134,270103.00000000,41085.87490000,0
1644564600000,0.15210000,0.15220000,0.15200000,0.15210000,245751.00000000,1644564779999,37373.17210000,88,183537.00000000,27916.28260000,0
1644564780000,0.15200000,0.15230000,0.15200000,0.15210000,432051.00000000,1644564959999,65742.10020000,146,392700.00000000,59757.25560000,0
1644564960000,0.15210000,0.15230000,0.15210000,0.15210000,253892.00000000,1644565139999,38638.47800000,87,37743.00000000,5744.53760000,0
1644565140000,0.15220000,0.15230000,0.15200000,0.15200000,701926.00000000,1644565319999,106791.57390000,190,426741.00000000,64935.61980000,0
1644565320000,0.15210000,0.15220000,0.15200000,0.15210000,264868.00000000,1644565499999,40276.31100000,114,122371.00000000,18614.72050000,0
1644565500000,0.15210000,0.15240000,0.15210000,0.15230000,620852.00000000,1644565679999,94527.75460000,155,486779.00000000,74113.58930000,0
1644565680000,0.15230000,0.15250000,0.15220000,0.15230000,822545.00000000,1644565859999,125366.73930000,198,657570.00000000,100227.96840000,0
1644565860000,0.15230000,0.15250000,0.15220000,0.15250000,271766.00000000,1644566039999,41404.86100000,98,217600.00000000,33155.88990000,0
1644566040000,0.15240000,0.15260000,0.15240000,0.15250000,1010057.00000000,1644566219999,154074.76510000,194,737368.00000000,112494.78780000,0
1644566220000,0.15260000,0.15260000,0.15230000,0.15240000,530171.00000000,1644566399999,80821.08950000,156,187231.00000000,28547.28570000,0
1644566400000,0.15240000,0.15240000,0.15220000,0.15240000,571830.00000000,1644566579999,87110.22970000,167,165150.00000000,25160.94790000,0
1644566580000,0.15240000,0.15290000,0.15240000,0.15280000,651530.00000000,1644566759999,99462.29010000,298,452379.00000000,69064.53570000,0
1644566760000,0.15290000,0.15300000,0.15270000,0.15280000,1656126.00000000,1644566939999,253145.13420000,318,644067.00000000,98478.36340000,0
1644566940000,0.15280000,0.15300000,0.15260000,0.15300000,607589.00000000,1644567119999,92843.14360000,224,295111.00000000,45101.03070000,0
1644567120000,0.15300000,0.15310000,0.15280000,0.15300000,609006.00000000,1644567299999,93146.50240000,222,312206.00000000,47748.93400000,0
1644567300000,0.15290000,0.15300000,0.15270000,0.15270000,583212.00000000,1644567479999,89125.41680000,176,380752.00000000,58182.39560000,0
1644567480000,0.15280000,0.15300000,0.15260000,0.15280000,408624.00000000,1644567659999,62430.44580000,154,269595.00000000,41190.75260000,0
1644567660000,0.15280000,0.15290000,0.15270000,0.15280000,322697.00000000,1644567839999,49318.80910000,103,175374.00000000,26807.85790000,0
1644567840000,0.15280000,0.15300000,0.15270000,0.15280000,495116.00000000,1644568019999,75685.73260000,174,286561.00000000,43807.62440000,0
1644568020000,0.15280000,0.15290000,0.15280000,0.15290000,284039.00000000,1644568199999,43422.21570000,103,125687.00000000,19217.54230000,0
1644568200000,0.15300000,0.15300000,0.15250000,0.15260000,928315.00000000,1644568379999,141770.99220000,179,93229.00000000,14250.97930000,0
1644568380000,0.15250000,0.15270000,0.15240000,0.15250000,519112.00000000,1644568559999,79193.47850000,177,331320.00000000,50550.69630000,0
1644568560000,0.15250000,0.15270000,0.15250000,0.15250000,288995.00000000,1644568739999,44092.99930000,138,200193.00000000,30549.49030000,0
1644568740000,0.15250000,0.15260000,0.15230000,0.15250000,428063.00000000,1644568919999,65229.90450000,157,111243.00000000,16957.40740000,0
1644568920000,0.15250000,0.15260000,0.15220000,0.15230000,302771.00000000,1644569099999,46137.80810000,135,67516.00000000,10284.30840000,0
1644569100000,0.15230000,0.15230000,0.15210000,0.15230000,2037445.00000000,1644569279999,310109.24600000,205,1344028.00000000,204566.25290000,0
1644569280000,0.15230000,0.15230000,0.15210000,0.15220000,380017.00000000,1644569459999,57846.50880000,137,158432.00000000,24124.79740000,0
1644569460000,0.15220000,0.15230000,0.15180000,0.15190000,659747.00000000,1644569639999,100324.73330000,227,199555.00000000,30369.21450000,0
1644569640000,0.15190000,0.15220000,0.15190000,0.15210000,378863.00000000,1644569819999,57596.85040000,144,251286.00000000,38203.88630000,0
1644569820000,0.15210000,0.15220000,0.15110000,0.15130000,2171069.00000000,1644569999999,329210.26040000,527,702783.00000000,106468.66010000,0
1644570000000,0.15130000,0.15170000,0.15060000,0.15110000,3303664.00000000,1644570179999,499040.96050000,701,1453505.00000000,219676.98970000,0
1644570180000,0.15120000,0.15200000,0.15120000,0.15190000,2484754.00000000,1644570359999,376810.07670000,440,1099496.00000000,166758.06410000,0
1644570360000,0.15190000,0.15220000,0.15180000,0.15200000,1088484.00000000,1644570539999,165457.24820000,256,474956.00000000,72219.67730000,0
1644570540000,0.15200000,0.15220000,0.15180000,0.15210000,1051842.00000000,1644570719999,159896.19070000,199,401626.00000000,61077.74950000,0
1644570720000,0.15200000,0.15250000,0.15190000,0.15240000,949177.00000000,1644570899999,144374.22330000,235,538573.00000000,81940.81350000,0
1644570900000,0.15250000,0.15320000,0.15230000,0.15300000,3080542.00000000,1644571079999,470852.54610000,642,1266721.00000000,193528.47780000,0
1644571080000,0.15310000,0.15320000,0.15270000,0.15290000,4127635.00000000,1644571259999,631481.00080000,573,2260499.00000000,345815.57010000,0
1644571260000,0.15290000,0.15320000,0.15290000,0.15290000,624211.00000000,1644571439999,95522.33960000,179,464610.00000000,71106.64800000,0
1644571440000,0.15300000,0.15300000,0.15250000,0.15270000,1311397.00000000,1644571619999,200345.01150000,272,840924.00000000,128473.96840000,0
1644571620000,0.15270000,0.15290000,0.15250000,0.15270000,805834.00000000,1644571799999,123019.62180000,207,229266.00000000,35001.06910000,0
1644571800000,0.15260000,0.15260000,0.15200000,0.15210000,1472616.00000000,1644571979999,224241.68870000,348,223368.00000000,33999.71700000,0
1644571980000,0.15220000,0.15220000,0.15190000,0.15200000,775417.00000000,1644572159999,117896.53750000,162,524401.00000000,79747.97560000,0
1644572160000,0.15210000,0.15290000,0.15200000,0.15260000,1099688.00000000,1644572339999,167684.81550000,213,696092.00000000,106116.96100000,0
1644572340000,0.15270000,0.15280000,0.15250000,0.15250000,719596.00000000,1644572519999,109848.88580000,173,131291.00000000,20055.60580000,0
1644572520000,0.15250000,0.15270000,0.15240000,0.15260000,434784.00000000,1644572699999,66319.81480000,155,168550.00000000,25712.66570000,0
1644572700000,0.15260000,0.15290000,0.15240000,0.15270000,2497532.00000000,1644572879999,381370.92840000,277,1537872.00000000,234845.59190000,0
1644572880000,0.15270000,0.15280000,0.15250000,0.15280000,389583.00000000,1644573059999,59481.44310000,122,182325.00000000,27839.86120000,0
1644573060000,0.15270000,0.15270000,0.15240000,0.15240000,811911.00000000,1644573239999,123871.64360000,156,154759.00000000,23617.94190000,0
1644573240000,0.15240000,0.15290000,0.15230000,0.15260000,692781.00000000,1644573419999,105718.59000000,190,478730.00000000,73055.40250000,0
1644573420000,0.15270000,0.15280000,0.15250000,0.15270000,395771.00000000,1644573599999,60400.97350000,121,158179.00000000,24141.04440000,0
1644573600000,0.15270000,0.15270000,0.15220000,0.15240000,672207.00000000,1644573779999,102490.44520000,179,322569.00000000,49165.67060000,0
1644573780000,0.15250000,0.15260000,0.15230000,0.15240000,539946.00000000,1644573959999,82314.31840000,135,324034.00000000,49403.22960000,0
1644573960000,0.15240000,0.15250000,0.15220000,0.15230000,387200.00000000,1644574139999,58977.98040000,134,24498.00000000,3732.10180000,0
1644574140000,0.15230000,0.15240000,0.15210000,0.15230000,633727.00000000,1644574319999,96506.47780000,179,403768.00000000,61498.07290000,0
1644574320000,0.15230000,0.15240000,0.15210000,0.15210000,851922.00000000,1644574499999,129674.84990000,136,557373.00000000,84840.54120000,0
1644574500000,0.15220000,0.15240000,0.15210000,0.15220000,520710.00000000,1644574679999,79277.84050000,139,277857.00000000,42306.19050000,0
1644574680000,0.15220000,0.15240000,0.15220000,0.15230000,361833.00000000,1644574859999,55108.60830000,122,171479.00000000,26120.13520000,0
1644574860000,0.15220000,0.15230000,0.15200000,0.15220000,514267.00000000,1644575039999,78242.97760000,147,237729.00000000,36175.29640000,0
1644575040000,0.15220000,0.15240000,0.15220000,0.15240000,751709.00000000,1644575219999,114467.02160000,148,480784.00000000,73229.22880000,0
1644575220000,0.15230000,0.15250000,0.15230000,0.15230000,1381647.00000000,1644575399999,210617.89390000,176,1026876.00000000,156565.15320000,0
1644575400000,0.15240000,0.15260000,0.15190000,0.15250000,1678271.00000000,1644575579999,255315.48540000,324,866527.00000000,131810.73110000,0
1644575580000,0.15250000,0.15270000,0.15240000,0.15260000,452813.00000000,1644575759999,69083.74120000,187,155181.00000000,23675.89490000,0
1644575760000,0.15260000,0.15270000,0.15250000,0.15260000,663099.00000000,1644575939999,101217.66330000,184,214755.00000000,32787.44500000,0
1644575940000,0.15270000,0.15290000,0.15260000,0.15260000,443648.00000000,1644576119999,67751.76410000,144,231529.00000000,35358.04130000,0
1644576120000,0.15260000,0.15290000,0.15260000,0.15290000,812074.00000000,1644576299999,124054.88530000,192,499469.00000000,76304.62950000,0
1644576300000,0.15290000,0.15310000,0.15270000,0.15280000,1599073.00000000,1644576479999,244503.49500000,275,1047268.00000000,160148.92360000,0
1644576480000,0.15280000,0.15290000,0.15250000,0.15260000,452487.00000000,1644576659999,69120.95540000,156,197317.00000000,30150.24230000,0
1644576660000,0.15250000,0.15290000,0.15250000,0.15280000,949518.00000000,1644576839999,144974.06880000,168,884482.00000000,135047.14340000,0
1644576840000,0.15280000,0.15310000,0.15280000,0.15310000,446762.00000000,1644577019999,68312.63220000,159,204836.00000000,31328.38040000,0
1644577020000,0.15310000,0.15310000,0.15280000,0.15290000,368211.00000000,1644577199999,56311.46990000,132,168269.00000000,25733.31720000,0
1644577200000,0.15280000,0.15300000,0.15260000,0.15260000,390160.00000000,1644577379999,59620.25060000,174,98949.00000000,15123.48710000,0
1644577380000,0.15260000,0.15280000,0.15260000,0.15270000,271476.00000000,1644577559999,41454.93740000,141,162263.00000000,24783.13660000,0
1644577560000,0.15260000,0.15270000,0.15230000,0.15250000,652524.00000000,1644577739999,99529.70250000,180,242860.00000000,37050.06020000,0
1644577740000,0.15240000,0.15280000,0.15240000,0.15270000,1000316.00000000,1644577919999,152631.55350000,208,529195.00000000,80760.63120000,0
1644577920000,0.15280000,0.15290000,0.15260000,0.15280000,473130.00000000,1644578099999,72258.69400000,168,121792.00000000,18606.85410000,0
1644578100000,0.15280000,0.15310000,0.15270000,0.15300000,572285.00000000,1644578279999,87511.38800000,201,308318.00000000,47149.28920000,0
1644578280000,0.15290000,0.15300000,0.15250000,0.15270000,330730.00000000,1644578459999,50500.89650000,164,113068.00000000,17264.99200000,0
1644578460000,0.15270000,0.15280000,0.15260000,0.15270000,469550.00000000,1644578639999,71696.69100000,143,363426.00000000,55495.31420000,0
1644578640000,0.15270000,0.15300000,0.15230000,0.15240000,620451.00000000,1644578819999,94733.46220000,215,120843.00000000,18456.89610000,0
1644578820000,0.15250000,0.15270000,0.15240000,0.15260000,428459.00000000,1644578999999,65348.06530000,146,345772.00000000,52740.19110000,0
1644579000000,0.15260000,0.15260000,0.15230000,0.15240000,465862.00000000,1644579179999,71002.59850000,173,123814.00000000,18869.99560000,0
1644579180000,0.15240000,0.15300000,0.15240000,0.15280000,473594.00000000,1644579359999,72325.78140000,158,243325.00000000,37140.55720000,0
1644579360000,0.15280000,0.15290000,0.15250000,0.15280000,526641.00000000,1644579539999,80434.23850000,146,258800.00000000,39522.87930000,0
1644579540000,0.15280000,0.15290000,0.15260000,0.15270000,521004.00000000,1644579719999,79608.84120000,145,82324.00000000,12580.14210000,0
1644579720000,0.15260000,0.15270000,0.15240000,0.15260000,259274.00000000,1644579899999,39549.43570000,117,118952.00000000,18144.52100000,0
1644579900000,0.15260000,0.15290000,0.15250000,0.15280000,534770.00000000,1644580079999,81652.67230000,148,245312.00000000,37453.37340000,0
1644580080000,0.15270000,0.15280000,0.15250000,0.15260000,248163.00000000,1644580259999,37879.71090000,130,67461.00000000,10301.06220000,0
1644580260000,0.15260000,0.15260000,0.15240000,0.15240000,188788.00000000,1644580439999,28789.15500000,108,96035.00000000,14646.94870000,0
1644580440000,0.15240000,0.15260000,0.15210000,0.15230000,808602.00000000,1644580619999,123132.52930000,251,275874.00000000,42011.03140000,0
1644580620000,0.15220000,0.15230000,0.15220000,0.15230000,167118.00000000,1644580799999,25443.24310000,117,88704.00000000,13508.42730000,0
1644580800000,0.15230000,0.15240000,0.15180000,0.15200000,2220970.00000000,1644580979999,337614.80330000,431,972862.00000000,147921.87190000,0
1644580980000,0.15200000,0.15230000,0.15190000,0.15220000,601235.00000000,1644581159999,91424.29590000,185,353394.00000000,53749.44900000,0
1644581160000,0.15220000,0.15240000,0.15210000,0.15220000,1099811.00000000,1644581339999,167415.66000000,166,342607.00000000,52160.35640000,0
1644581340000,0.15230000,0.15260000,0.15220000,0.15240000,574253.00000000,1644581519999,87519.33450000,202,309812.00000000,47214.48180000,0
1644581520000,0.15240000,0.15280000,0.15240000,0.15280000,483732.00000000,1644581699999,73809.92230000,167,369264.00000000,56344.36370000,0
1644581700000,0.15270000,0.15290000,0.15260000,0.15280000,742888.00000000,1644581879999,113528.26310000,207,382015.00000000,58388.35830000,0
1644581880000,0.15280000,0.15300000,0.15270000,0.15270000,698652.00000000,1644582059999,106766.87520000,147,465620.00000000,71160.16580000,0
1644582060000,0.15270000,0.15340000,0.15270000,0.15320000,2300355.00000000,1644582239999,352171.73920000,575,1334021.00000000,204254.55570000,0
1644582240000,0.15320000,0.15360000,0.15320000,0.15320000,1942463.00000000,1644582419999,297957.71600000,490,449279.00000000,68924.92160000,0
1644582420000,0.15330000,0.15340000,0.15270000,0.15300000,3227981.00000000,1644582599999,493637.46410000,400,552270.00000000,84542.19030000,0
1644582600000,0.15300000,0.15310000,0.15270000,0.15290000,672895.00000000,1644582779999,102878.27390000,180,335470.00000000,51304.33720000,0
1644582780000,0.15290000,0.15290000,0.15260000,0.15270000,336705.00000000,1644582959999,51460.79340000,148,152944.00000000,23383.02590000,0
1644582960000,0.15260000,0.15290000,0.15250000,0.15290000,382866.00000000,1644583139999,58467.69330000,151,327646.00000000,50038.57060000,0
1644583140000,0.15290000,0.15290000,0.15270000,0.15270000,398371.00000000,1644583319999,60865.16320000,121,142820.00000000,21823.23670000,0
1644583320000,0.15270000,0.15270000,0.15230000,0.15230000,531359.00000000,1644583499999,81070.39900000,190,155948.00000000,23783.46520000,0
1644583500000,0.15240000,0.15250000,0.15230000,0.15230000,436903.00000000,1644583679999,66586.25910000,108,272626.00000000,41550.61210000,0
1644583680000,0.15230000,0.15280000,0.15230000,0.15280000,582704.00000000,1644583859999,88896.30930000,153,485009.00000000,73995.70940000,0
1644583860000,0.15280000,0.15290000,0.15260000,0.15290000,535561.00000000,1644584039999,81802.37730000,135,320507.00000000,48960.16000000,0
1644584040000,0.15280000,0.15300000,0.15280000,0.15290000,568511.00000000,1644584219999,86931.18900000,132,261580.00000000,40001.88280000,0
1644584220000,0.15290000,0.15300000,0.15270000,0.15280000,1136061.00000000,1644584399999,173582.80330000,143,150130.00000000,22957.41610000,0
1644584400000,0.15290000,0.15290000,0.15250000,0.15250000,324419.00000000,1644584579999,49507.55030000,126,185953.00000000,28386.34320000,0
1644584580000,0.15250000,0.15280000,0.15250000,0.15270000,1030936.00000000,1644584759999,157438.46630000,172,875857.00000000,133766.53600000,0
1644584760000,0.15260000,0.15290000,0.15260000,0.15280000,553970.00000000,1644584939999,84658.56620000,138,368720.00000000,56345.94790000,0
1644584940000,0.15280000,0.15290000,0.15260000,0.15280000,881227.00000000,1644585119999,134630.83210000,169,234370.00000000,35807.81420000,0
1644585120000,0.15280000,0.15290000,0.15270000,0.15290000,286531.00000000,1644585299999,43785.22650000,98,157062.00000000,24002.86530000,0
1644585300000,0.15280000,0.15300000,0.15280000,0.15280000,269756.00000000,1644585479999,41238.01050000,113,151647.00000000,23187.13620000,0
1644585480000,0.15280000,0.15300000,0.15270000,0.15300000,1078451.00000000,1644585659999,164861.45620000,209,941282.00000000,143902.46910000,0
1644585660000,0.15300000,0.15310000,0.15270000,0.15300000,663790.00000000,1644585839999,101528.71970000,166,371706.00000000,56872.05180000,0
1644585840000,0.15300000,0.15310000,0.15280000,0.15300000,558925.00000000,1644586019999,85516.32940000,172,143689.00000000,21993.40240000,0
1644586020000,0.15300000,0.15300000,0.15280000,0.15280000,663222.00000000,1644586199999,101436.53210000,144,493316.00000000,75463.32190000,0
1644586200000,0.15280000,0.15300000,0.15280000,0.15290000,422238.00000000,1644586379999,64556.21880000,115,64341.00000000,9840.78260000,0
1644586380000,0.15280000,0.15290000,0.15270000,0.15280000,1633751.00000000,1644586559999,249694.27490000,272,1080164.00000000,165116.80960000,0
1644586560000,0.15290000,0.15320000,0.15270000,0.15310000,1436030.00000000,1644586739999,219717.09200000,274,1250822.00000000,191399.78620000,0
1644586740000,0.15320000,0.15350000,0.15300000,0.15350000,1187074.00000000,1644586919999,181840.92010000,253,545842.00000000,83627.22730000,0
1644586920000,0.15340000,0.15350000,0.15330000,0.15340000,532842.00000000,1644587099999,81752.47090000,172,318707.00000000,48909.78080000,0
1644587100000,0.15340000,0.15340000,0.15300000,0.15310000,639594.00000000,1644587279999,97973.59850000,212,340730.00000000,52190.91740000,0
1644587280000,0.15320000,0.15340000,0.15300000,0.15320000,721915.00000000,1644587459999,110600.07540000,220,319473.00000000,48949.72340000,0
1644587460000,0.15320000,0.15340000,0.15310000,0.15330000,422983.00000000,1644587639999,64855.20540000,178,292393.00000000,44838.65040000,0
1644587640000,0.15340000,0.15360000,0.15330000,0.15360000,780463.00000000,1644587819999,119792.28170000,254,626795.00000000,96211.97760000,0
1644587820000,0.15360000,0.15390000,0.15350000,0.15370000,1485061.00000000,1644587999999,228338.49660000,507,1057835.00000000,162654.06390000,0
1644588000000,0.15380000,0.15430000,0.15350000,0.15420000,2080836.00000000,1644588179999,320208.78590000,535,1298947.00000000,200023.49530000,0
1644588180000,0.15430000,0.15430000,0.15380000,0.15380000,1100475.00000000,1644588359999,169490.30530000,400,399209.00000000,61517.49300000,0
1644588360000,0.15390000,0.15430000,0.15380000,0.15410000,4681471.00000000,1644588539999,721059.00520000,467,2966662.00000000,456957.90930000,0
1644588540000,0.15420000,0.15420000,0.15350000,0.15360000,4041870.00000000,1644588719999,621986.00120000,618,2061533.00000000,317206.93450000,0
1644588720000,0.15360000,0.15370000,0.15330000,0.15340000,742557.00000000,1644588899999,113941.21100000,241,458136.00000000,70308.38030000,0
1644588900000,0.15330000,0.15350000,0.15300000,0.15340000,1493138.00000000,1644589079999,228721.71810000,368,980659.00000000,150240.31640000,0
1644589080000,0.15350000,0.15360000,0.15310000,0.15310000,314887.00000000,1644589259999,48287.40570000,173,136396.00000000,20926.22590000,0
1644589260000,0.15320000,0.15350000,0.15310000,0.15350000,438460.00000000,1644589439999,67189.63970000,144,346799.00000000,53145.74170000,0
1644589440000,0.15340000,0.15350000,0.15330000,0.15340000,287660.00000000,1644589619999,44133.01390000,113,164365.00000000,25219.89540000,0
1644589620000,0.15350000,0.15360000,0.15310000,0.15330000,585524.00000000,1644589799999,89792.95050000,170,238225.00000000,36539.20120000,0
1644589800000,0.15330000,0.15390000,0.15330000,0.15380000,2304509.00000000,1644589979999,353983.38820000,423,1321108.00000000,202889.12660000,0
1644589980000,0.15370000,0.15380000,0.15230000,0.15240000,3935666.00000000,1644590159999,601990.64980000,711,1675190.00000000,256364.06190000,0
1644590160000,0.15240000,0.15310000,0.15230000,0.15280000,2388977.00000000,1644590339999,364800.80490000,472,1263910.00000000,192984.43920000,0
1644590340000,0.15290000,0.15300000,0.15240000,0.15250000,1949235.00000000,1644590519999,297590.98740000,388,549883.00000000,83934.54340000,0
1644590520000,0.15240000,0.15310000,0.15240000,0.15290000,2660665.00000000,1644590699999,406325.14420000,461,1368029.00000000,208881.19020000,0
1644590700000,0.15290000,0.15380000,0.15290000,0.15360000,3494356.00000000,1644590879999,536143.22740000,664,1643160.00000000,252159.17650000,0
1644590880000,0.15360000,0.15380000,0.15330000,0.15350000,1348574.00000000,1644591059999,207065.79430000,327,458399.00000000,70393.80520000,0
1644591060000,0.15340000,0.15360000,0.15320000,0.15340000,1283855.00000000,1644591239999,196847.18550000,319,636124.00000000,97548.37620000,0
1644591240000,0.15330000,0.15350000,0.15290000,0.15300000,989378.00000000,1644591419999,151596.12080000,341,510127.00000000,78177.93650000,0
1644591420000,0.15290000,0.15310000,0.15240000,0.15260000,1420792.00000000,1644591599999,217064.93360000,350,475584.00000000,72620.50240000,0
1644591600000,0.15270000,0.15320000,0.15260000,0.15290000,1636685.00000000,1644591779999,250394.27270000,284,1029294.00000000,157482.17600000,0
1644591780000,0.15280000,0.15320000,0.15270000,0.15310000,1490049.00000000,1644591959999,227847.06930000,315,1127962.00000000,172506.65570000,0
1644591960000,0.15320000,0.15330000,0.15280000,0.15280000,1539530.00000000,1644592139999,235522.43950000,282,406904.00000000,62266.77500000,0
1644592140000,0.15290000,0.15290000,0.15250000,0.15260000,1968535.00000000,1644592319999,300521.18930000,413,670883.00000000,102431.75400000,0
1644592320000,0.15250000,0.15260000,0.15220000,0.15250000,842036.00000000,1644592499999,128312.06080000,285,382307.00000000,58260.99210000,0
1644592500000,0.15250000,0.15260000,0.15220000,0.15230000,686245.00000000,1644592679999,104550.57350000,225,267405.00000000,40744.17890000,0
1644592680000,0.15230000,0.15260000,0.15200000,0.15240000,1294936.00000000,1644592859999,197194.88160000,332,704567.00000000,107294.42690000,0
1644592860000,0.15250000,0.15260000,0.15220000,0.15250000,792331.00000000,1644593039999,120751.02040000,223,420310.00000000,64064.64320000,0
1644593040000,0.15250000,0.15280000,0.15250000,0.15270000,782750.00000000,1644593219999,119508.43430000,188,535840.00000000,81817.62290000,0
1644593220000,0.15270000,0.15280000,0.15230000,0.15260000,997897.00000000,1644593399999,152184.39270000,297,352422.00000000,53750.08750000,0
1644593400000,0.15250000,0.15290000,0.15250000,0.15280000,943605.00000000,1644593579999,144123.99070000,269,662745.00000000,101220.29190000,0
1644593580000,0.15270000,0.15280000,0.15240000,0.15250000,440846.00000000,1644593759999,67275.89540000,180,292394.00000000,44621.52640000,0
1644593760000,0.15260000,0.15290000,0.15240000,0.15280000,664040.00000000,1644593939999,101409.46700000,229,413151.00000000,63097.74770000,0
1644593940000,0.15290000,0.15310000,0.15270000,0.15310000,550160.00000000,1644594119999,84136.96320000,305,477330.00000000,73005.93360000,0
1644594120000,0.15300000,0.15310000,0.15290000,0.15300000,423413.00000000,1644594299999,64779.57750000,146,103861.00000000,15892.95140000,0
1644594300000,0.15300000,0.15320000,0.15280000,0.15310000,395501.00000000,1644594479999,60539.81780000,142,192934.00000000,29535.44710000,0
1644594480000,0.15310000,0.15320000,0.15300000,0.15310000,369100.00000000,1644594659999,56506.69290000,145,158083.00000000,24206.36090000,0
1644594660000,0.15310000,0.15310000,0.15270000,0.15280000,581650.00000000,1644594839999,88910.51670000,171,130051.00000000,19882.35460000,0
1644594840000,0.15280000,0.15310000,0.15280000,0.15290000,523960.00000000,1644595019999,80140.71090000,187,287952.00000000,44052.74900000,0
1644595020000,0.15290000,0.15300000,0.15240000,0.15260000,1462562.00000000,1644595199999,223300.72060000,324,372490.00000000,56861.57350000,0
1644595200000,0.15260000,0.15310000,0.15260000,0.15260000,2609276.00000000,1644595379999,398887.47060000,429,762607.00000000,116616.67090000,0
1644595380000,0.15260000,0.15280000,0.15250000,0.15250000,717993.00000000,1644595559999,109673.23570000,172,555363.00000000,84843.67210000,0
1644595560000,0.15260000,0.15260000,0.15220000,0.15230000,703133.00000000,1644595739999,107120.77550000,234,317371.00000000,48358.69020000,0
1644595740000,0.15240000,0.15240000,0.15180000,0.15220000,2391311.00000000,1644595919999,363563.75270000,529,790851.00000000,120312.46990000,0
1644595920000,0.15230000,0.15240000,0.15220000,0.15230000,254595.00000000,1644596099999,38767.91140000,103,156825.00000000,23885.45600000,0
1644596100000,0.15240000,0.15250000,0.15180000,0.15180000,1289891.00000000,1644596279999,196143.95470000,274,465757.00000000,70849.05830000,0
1644596280000,0.15190000,0.15230000,0.15180000,0.15220000,690303.00000000,1644596459999,104921.87790000,222,466913.00000000,70971.31520000,0
1644596460000,0.15220000,0.15240000,0.15200000,0.15220000,2515608.00000000,1644596639999,383068.96510000,365,1533644.00000000,233591.93340000,0
1644596640000,0.15220000,0.15230000,0.15180000,0.15180000,1378579.00000000,1644596819999,209689.81720000,260,1025672.00000000,156021.24100000,0
1644596820000,0.15190000,0.15200000,0.15170000,0.15200000,1100813.00000000,1644596999999,167103.15420000,256,655966.00000000,99594.89380000,0
1644597000000,0.15190000,0.15220000,0.15190000,0.15190000,827543.00000000,1644597179999,125768.75020000,177,293557.00000000,44627.34050000,0
1644597180000,0.15190000,0.15190000,0.15140000,0.15170000,2098339.00000000,1644597359999,318274.35470000,452,1033470.00000000,156792.97340000,0
1644597360000,0.15170000,0.15180000,0.15130000,0.15170000,1000671.00000000,1644597539999,151705.96460000,333,618487.00000000,93786.84350000,0
1644597540000,0.15160000,0.15190000,0.15150000,0.15160000,852640.00000000,1644597719999,129316.81920000,159,501300.00000000,76035.14190000,0
1644597720000,0.15160000,0.15190000,0.15150000,0.15180000,914279.00000000,1644597899999,138708.47150000,210,485973.00000000,73751.16040000,0
1644597900000,0.15190000,0.15210000,0.15170000,0.15190000,786439.00000000,1644598079999,119440.48690000,217,420392.00000000,63860.67430000,0
1644598080000,0.15200000,0.15220000,0.15190000,0.15190000,347523.00000000,1644598259999,52838.81370000,122,150330.00000000,22858.79120000,0
1644598260000,0.15190000,0.15220000,0.15180000,0.15200000,461422.00000000,1644598439999,70138.96460000,124,178045.00000000,27069.32610000,0
1644598440000,0.15210000,0.15230000,0.15200000,0.15220000,290894.00000000,1644598619999,44268.88430000,106,169385.00000000,25777.62800000,0
1644598620000,0.15220000,0.15230000,0.15200000,0.15210000,368244.00000000,1644598799999,56031.74500000,112,99134.00000000,15089.41650000,0
1644598800000,0.15210000,0.15220000,0.15190000,0.15220000,696738.00000000,1644598979999,105948.55510000,184,319439.00000000,48584.96020000,0
1644598980000,0.15230000,0.15240000,0.15220000,0.15220000,946082.00000000,1644599159999,144055.40960000,180,576311.00000000,87763.21880000,0
1644599160000,0.15230000,0.15230000,0.15210000,0.15210000,942663.00000000,1644599339999,143430.64840000,158,427725.00000000,65081.45820000,0
1644599340000,0.15210000,0.15250000,0.15210000,0.15240000,441908.00000000,1644599519999,67299.25360000,150,258264.00000000,39336.59050000,0
1644599520000,0.15230000,0.15260000,0.15230000,0.15240000,811604.00000000,1644599699999,123721.47690000,199,418917.00000000,63859.93150000,0
1644599700000,0.15230000,0.15240000,0.15220000,0.15230000,607714.00000000,1644599879999,92539.62800000,172,305088.00000000,46462.63220000,0
1644599880000,0.15230000,0.15230000,0.15190000,0.15190000,1046257.00000000,1644600059999,158987.52780000,214,163081.00000000,24799.86380000,0
1644600060000,0.15190000,0.15190000,0.15170000,0.15180000,1179334.00000000,1644600239999,179040.35130000,211,968443.00000000,147033.95620000,0
1644600240000,0.15180000,0.15200000,0.15170000,0.15190000,548300.00000000,1644600419999,83265.13350000,179,282140.00000000,42842.81710000,0
1644600420000,0.15190000,0.15210000,0.15190000,0.15200000,706696.00000000,1644600599999,107430.06230000,163,335409.00000000,50996.01290000,0
1644600600000,0.15190000,0.15220000,0.15190000,0.15200000,475081.00000000,1644600779999,72237.24920000,170,239072.00000000,36355.52230000,0
1644600780000,0.15210000,0.15230000,0.15200000,0.15200000,439212.00000000,1644600959999,66831.71380000,127,213259.00000000,32460.42500000,0
1644600960000,0.15200000,0.15210000,0.15180000,0.15190000,378777.00000000,1644601139999,57568.06370000,115,155763.00000000,23678.66840000,0
1644601140000,0.15190000,0.15210000,0.15190000,0.15210000,537831.00000000,1644601319999,81748.97860000,135,421284.00000000,64035.01780000,0
1644601320000,0.15200000,0.15210000,0.15190000,0.15200000,425365.00000000,1644601499999,64646.66280000,91,77150.00000000,11725.93930000,0
1644601500000,0.15190000,0.15200000,0.15180000,0.15190000,205816.00000000,1644601679999,31264.12920000,114,73798.00000000,11210.76010000,0
1644601680000,0.15200000,0.15220000,0.15180000,0.15190000,418121.00000000,1644601859999,63553.90600000,152,259999.00000000,39523.00530000,0
1644601860000,0.15190000,0.15200000,0.15140000,0.15160000,734257.00000000,1644602039999,111352.48490000,213,124835.00000000,18928.52380000,0
1644602040000,0.15170000,0.15180000,0.15150000,0.15160000,526599.00000000,1644602219999,79858.79840000,125,284596.00000000,43163.89470000,0
1644602220000,0.15170000,0.15180000,0.15160000,0.15170000,201724.00000000,1644602399999,30600.84380000,90,163127.00000000,24746.76230000,0
1644602400000,0.15170000,0.15200000,0.15170000,0.15180000,391011.00000000,1644602579999,59374.27040000,153,168968.00000000,25658.72310000,0
1644602580000,0.15180000,0.15190000,0.15170000,0.15180000,602147.00000000,1644602759999,91388.43700000,104,79755.00000000,12106.85360000,0
1644602760000,0.15180000,0.15200000,0.15180000,0.15200000,285263.00000000,1644602939999,43330.50750000,100,236037.00000000,35856.00040000,0
1644602940000,0.15190000,0.15190000,0.15160000,0.15170000,368894.00000000,1644603119999,56005.67840000,147,80818.00000000,12270.70340000,0
1644603120000,0.15170000,0.15180000,0.15160000,0.15160000,205538.00000000,1644603299999,31175.49790000,149,104241.00000000,15814.01460000,0
1644603300000,0.15170000,0.15190000,0.15150000,0.15160000,881026.00000000,1644603479999,133685.11580000,180,217132.00000000,32956.02640000,0
1644603480000,0.15160000,0.15210000,0.15140000,0.15200000,703520.00000000,1644603659999,106792.88990000,233,585352.00000000,88866.27510000,0
1644603660000,0.15210000,0.15210000,0.15190000,0.15200000,471643.00000000,1644603839999,71688.08590000,158,151268.00000000,22997.20090000,0
1644603840000,0.15200000,0.15210000,0.15190000,0.15200000,254591.00000000,1644604019999,38706.07490000,118,87974.00000000,13380.81410000,0
1644604020000,0.15190000,0.15190000,0.15160000,0.15160000,748729.00000000,1644604199999,113611.52380000,189,421328.00000000,63929.89470000,0
1644604200000,0.15150000,0.15170000,0.15100000,0.15100000,1684058.00000000,1644604379999,254759.86550000,446,1012059.00000000,153118.89080000,0
1644604380000,0.15100000,0.15120000,0.15080000,0.15100000,1057500.00000000,1644604559999,159654.65960000,342,549125.00000000,82930.01100000,0
1644604560000,0.15090000,0.15100000,0.15010000,0.15030000,5437784.00000000,1644604739999,817684.58960000,1205,2854809.00000000,429349.29090000,0
1644604740000,0.15030000,0.15030000,0.14950000,0.14990000,5427364.00000000,1644604919999,813246.83630000,1383,2103076.00000000,315162.26720000,0
1644604920000,0.14980000,0.14980000,0.14880000,0.14900000,7679994.00000000,1644605099999,1146389.39690000,1637,3578180.00000000,534123.31370000,0
1644605100000,0.14890000,0.14930000,0.14820000,0.14900000,8473602.00000000,1644605279999,1259959.26170000,2012,4223251.00000000,628147.36420000,0
1644605280000,0.14890000,0.14920000,0.14850000,0.14850000,3785020.00000000,1644605459999,563847.89060000,851,1240490.00000000,184785.89550000,0
1644605460000,0.14860000,0.14900000,0.14820000,0.14900000,2214934.00000000,1644605639999,329152.47720000,600,1227007.00000000,182356.46340000,0
1644605640000,0.14900000,0.14920000,0.14850000,0.14860000,2841966.00000000,1644605819999,423021.48710000,535,1839858.00000000,273946.29300000,0
1644605820000,0.14870000,0.14870000,0.14810000,0.14820000,6167915.00000000,1644605999999,915156.19720000,615,2927718.00000000,434412.71660000,0
1644606000000,0.14820000,0.14890000,0.14680000,0.14700000,13209166.00000000,1644606179999,1951693.24240000,2663,5544315.00000000,819483.08540000,0
1644606180000,0.14700000,0.14750000,0.14600000,0.14620000,10312834.00000000,1644606359999,1513791.34160000,2360,5051625.00000000,742109.58590000,0
1644606360000,0.14630000,0.14700000,0.14560000,0.14680000,10610549.00000000,1644606539999,1552971.60950000,2741,5547616.00000000,812092.46400000,0
1644606540000,0.14690000,0.14750000,0.14670000,0.14720000,4928339.00000000,1644606719999,725153.64940000,867,2943102.00000000,433014.95350000,0
1644606720000,0.14720000,0.14770000,0.14700000,0.14750000,4466305.00000000,1644606899999,658281.20260000,874,2291118.00000000,337708.07500000,0
1644606900000,0.14750000,0.14800000,0.14720000,0.14740000,3432464.00000000,1644607079999,506568.74070000,724,1750749.00000000,258526.57640000,0
1644607080000,0.14740000,0.14810000,0.14730000,0.14780000,2864119.00000000,1644607259999,422993.15110000,528,1595765.00000000,235567.43430000,0
1644607260000,0.14780000,0.14810000,0.14750000,0.14760000,1714762.00000000,1644607439999,253454.92990000,356,954446.00000000,141066.92100000,0
1644607440000,0.14760000,0.14770000,0.14700000,0.14700000,2756251.00000000,1644607619999,406099.13950000,444,880463.00000000,129786.80490000,0
1644607620000,0.14700000,0.14770000,0.14700000,0.14710000,3381890.00000000,1644607799999,498084.33640000,548,1595090.00000000,234957.98800000,0
1644607800000,0.14710000,0.14770000,0.14710000,0.14760000,3266685.00000000,1644607979999,481592.03480000,500,802047.00000000,118254.88440000,0
1644607980000,0.14750000,0.14850000,0.14750000,0.14820000,4455924.00000000,1644608159999,660201.64140000,868,2405716.00000000,356379.54760000,0
1644608160000,0.14820000,0.14870000,0.14810000,0.14810000,2827361.00000000,1644608339999,419448.55640000,665,1412312.00000000,209596.68450000,0
1644608340000,0.14820000,0.14820000,0.14780000,0.14790000,1643634.00000000,1644608519999,243286.87900000,380,624256.00000000,92426.53710000,0
1644608520000,0.14790000,0.14830000,0.14770000,0.14780000,3035963.00000000,1644608699999,449227.51480000,500,1786999.00000000,264442.56170000,0
1644608700000,0.14770000,0.14790000,0.14720000,0.14750000,2061878.00000000,1644608879999,304186.54840000,499,813540.00000000,119972.63760000,0
1644608880000,0.14760000,0.14790000,0.14730000,0.14760000,1980610.00000000,1644609059999,292408.20280000,384,934702.00000000,138031.63570000,0
1644609060000,0.14750000,0.14770000,0.14690000,0.14710000,1946391.00000000,1644609239999,286579.15200000,444,799566.00000000,117741.77960000,0
1644609240000,0.14720000,0.14750000,0.14710000,0.14740000,1307439.00000000,1644609419999,192702.02280000,326,526996.00000000,77675.40790000,0
1644609420000,0.14750000,0.14770000,0.14700000,0.14730000,1028528.00000000,1644609599999,151423.03270000,288,346073.00000000,50954.29900000,0
1644609600000,0.14720000,0.14770000,0.14700000,0.14700000,2350603.00000000,1644609779999,346356.87190000,434,992312.00000000,146253.06970000,0
1644609780000,0.14700000,0.14760000,0.14680000,0.14690000,4075052.00000000,1644609959999,599608.88100000,625,2431723.00000000,357884.65720000,0
1644609960000,0.14680000,0.14720000,0.14660000,0.14710000,2281193.00000000,1644610139999,335095.76580000,575,1696262.00000000,249218.78220000,0
1644610140000,0.14700000,0.14710000,0.14600000,0.14630000,5047888.00000000,1644610319999,739166.18280000,1208,2804776.00000000,410721.53940000,0
1644610320000,0.14640000,0.14670000,0.14600000,0.14610000,3030144.00000000,1644610499999,443446.80870000,448,962118.00000000,140842.50300000,0
1644610500000,0.14610000,0.14680000,0.14600000,0.14630000,4549958.00000000,1644610679999,666153.62090000,717,2953735.00000000,432408.87060000,0
1644610680000,0.14630000,0.14670000,0.14600000,0.14620000,2672683.00000000,1644610859999,390973.23550000,569,1197877.00000000,175283.10380000,0
1644610860000,0.14620000,0.14640000,0.14530000,0.14560000,7457556.00000000,1644611039999,1087286.18680000,1543,3678207.00000000,536438.55180000,0
1644611040000,0.14550000,0.14570000,0.14450000,0.14550000,16516068.00000000,1644611219999,2395409.68600000,3572,5785100.00000000,839430.12070000,0
1644611220000,0.14540000,0.14580000,0.14500000,0.14570000,4360256.00000000,1644611399999,633905.94810000,913,2348595.00000000,341518.05040000,0
1644611400000,0.14570000,0.14610000,0.14540000,0.14560000,4256172.00000000,1644611579999,620424.48300000,973,2352914.00000000,343094.86240000,0
1644611580000,0.14570000,0.14590000,0.14500000,0.14510000,4820076.00000000,1644611759999,701113.53160000,959,2132110.00000000,310143.89830000,0
1644611760000,0.14520000,0.14590000,0.14510000,0.14580000,2619975.00000000,1644611939999,381177.33890000,577,1337016.00000000,194606.32760000,0
1644611940000,0.14580000,0.14580000,0.14470000,0.14480000,9497360.00000000,1644612119999,1378227.80680000,1346,3180718.00000000,461919.48070000,0
1644612120000,0.14470000,0.14560000,0.14470000,0.14550000,3434806.00000000,1644612299999,498646.44370000,765,2286876.00000000,332068.85270000,0
1644612300000,0.14550000,0.14600000,0.14530000,0.14590000,2388112.00000000,1644612479999,347923.32440000,625,1437392.00000000,209439.81220000,0
1644612480000,0.14590000,0.14610000,0.14540000,0.14540000,1933756.00000000,1644612659999,281989.62060000,401,867438.00000000,126505.84080000,0
1644612660000,0.14540000,0.14580000,0.14540000,0.14570000,850101.00000000,1644612839999,123714.54970000,277,424132.00000000,61737.82390000,0
1644612840000,0.14560000,0.14570000,0.14520000,0.14530000,920567.00000000,1644613019999,133893.04710000,270,421882.00000000,61349.01260000,0
1644613020000,0.14530000,0.14540000,0.14470000,0.14480000,1497786.00000000,1644613199999,217201.57400000,414,205755.00000000,29839.54750000,0
1644613200000,0.14490000,0.14580000,0.14470000,0.14550000,6298115.00000000,1644613379999,915955.69130000,938,3344984.00000000,486282.11950000,0
1644613380000,0.14560000,0.14560000,0.14510000,0.14520000,1224892.00000000,1644613559999,178007.50350000,249,587240.00000000,85347.82730000,0
1644613560000,0.14530000,0.14560000,0.14520000,0.14550000,932477.00000000,1644613739999,135527.45210000,219,568630.00000000,82657.42070000,0
1644613740000,0.14550000,0.14580000,0.14540000,0.14560000,1202371.00000000,1644613919999,175042.03340000,210,492617.00000000,71723.34210000,0
1644613920000,0.14550000,0.14600000,0.14550000,0.14590000,1441148.00000000,1644614099999,210175.79430000,286,795615.00000000,116034.41770000,0
1644614100000,0.14590000,0.14610000,0.14570000,0.14610000,489179.00000000,1644614279999,71378.15610000,180,187355.00000000,27350.51560000,0
1644614280000,0.14620000,0.14640000,0.14610000,0.14630000,955500.00000000,1644614459999,139747.12330000,282,396424.00000000,57988.48450000,0
1644614460000,0.14630000,0.14640000,0.14610000,0.14630000,844927.00000000,1644614639999,123574.84760000,183,451439.00000000,66032.96170000,0
1644614640000,0.14620000,0.14620000,0.14580000,0.14590000,885848.00000000,1644614819999,129396.71680000,246,272919.00000000,39888.22510000,0
1644614820000,0.14600000,0.14650000,0.14600000,0.14650000,1079921.00000000,1644614999999,157944.56280000,225,842328.00000000,123206.86500000,0
1644615000000,0.14640000,0.14670000,0.14610000,0.14660000,2829419.00000000,1644615179999,414168.08050000,388,1870718.00000000,273804.26470000,0
1644615180000,0.14660000,0.14690000,0.14620000,0.14630000,1935773.00000000,1644615359999,283870.64320000,427,430679.00000000,63197.66310000,0
1644615360000,0.14620000,0.14650000,0.14620000,0.14640000,669226.00000000,1644615539999,97922.28770000,168,294430.00000000,43081.70390000,0
1644615540000,0.14640000,0.14680000,0.14630000,0.14650000,778602.00000000,1644615719999,114136.62910000,196,317244.00000000,46506.22380000,0
1644615720000,0.14650000,0.14680000,0.14630000,0.14670000,537180.00000000,1644615899999,78738.86380000,135,421792.00000000,61847.49380000,0
1644615900000,0.14670000,0.14670000,0.14620000,0.14640000,746050.00000000,1644616079999,109228.35740000,167,251851.00000000,36889.38360000,0
1644616080000,0.14630000,0.14670000,0.14620000,0.14660000,454117.00000000,1644616259999,66496.83480000,158,220983.00000000,32348.66740000,0
1644616260000,0.14650000,0.14650000,0.14600000,0.14600000,1189029.00000000,1644616439999,173840.34480000,271,258428.00000000,37777.56040000,0
1644616440000,0.14600000,0.14670000,0.14600000,0.14660000,2333488.00000000,1644616619999,341712.16360000,333,1842915.00000000,269866.51830000,0
1644616620000,0.14660000,0.14670000,0.14620000,0.14630000,770174.00000000,1644616799999,112726.04180000,148,175783.00000000,25718.78790000,0
1644616800000,0.14620000,0.14660000,0.14610000,0.14640000,973437.00000000,1644616979999,142487.25650000,172,569685.00000000,83378.76850000,0
1644616980000,0.14640000,0.14690000,0.14630000,0.14630000,2052296.00000000,1644617159999,300944.75480000,311,1231310.00000000,180644.42870000,0
1644617160000,0.14620000,0.14630000,0.14570000,0.14600000,1319165.00000000,1644617339999,192689.44650000,287,581426.00000000,84958.49550000,0
1644617340000,0.14590000,0.14610000,0.14580000,0.14580000,1145827.00000000,1644617519999,167221.18620000,268,250111.00000000,36506.13330000,0
1644617520000,0.14590000,0.14590000,0.14540000,0.14560000,1024571.00000000,1644617699999,149208.78330000,289,296392.00000000,43181.64920000,0
1644617700000,0.14560000,0.14570000,0.14520000,0.14560000,769552.00000000,1644617879999,111897.92140000,268,353803.00000000,51449.09740000,0
1644617880000,0.14550000,0.14610000,0.14540000,0.14610000,1184438.00000000,1644618059999,172627.99940000,285,883237.00000000,128792.15310000,0
1644618060000,0.14620000,0.14620000,0.14600000,0.14610000,574928.00000000,1644618239999,84026.58870000,137,270161.00000000,39497.30650000,0
1644618240000,0.14600000,0.14610000,0.14490000,0.14490000,2983907.00000000,1644618419999,433973.91200000,596,555241.00000000,80688.61980000,0
1644618420000,0.14490000,0.14560000,0.14470000,0.14550000,3206471.00000000,1644618599999,465361.01540000,475,2012350.00000000,292294.38400000,0
1644618600000,0.14540000,0.14550000,0.14530000,0.14550000,660960.00000000,1644618779999,96057.50770000,148,118497.00000000,17230.06530000,0
1644618780000,0.14540000,0.14560000,0.14540000,0.14550000,197892.00000000,1644618959999,28785.29280000,100,64332.00000000,9361.09210000,0
1644618960000,0.14550000,0.14580000,0.14550000,0.14560000,921207.00000000,1644619139999,134237.25220000,166,599846.00000000,87425.08250000,0
1644619140000,0.14560000,0.14570000,0.14530000,0.14540000,756191.00000000,1644619319999,110081.39820000,168,37690.00000000,5488.93600000,0
1644619320000,0.14530000,0.14540000,0.14510000,0.14510000,325658.00000000,1644619499999,47310.40720000,115,68658.00000000,9979.84580000,0
1644619500000,0.14510000,0.14520000,0.14440000,0.14460000,1722900.00000000,1644619679999,249563.81970000,421,403204.00000000,58324.06600000,0
1644619680000,0.14460000,0.14490000,0.14190000,0.14330000,21314448.00000000,1644619859999,3050054.14500000,6837,10088298.00000000,1444602.08500000,0
1644619860000,0.14340000,0.14360000,0.14280000,0.14340000,5325353.00000000,1644620039999,762810.59320000,832,1819697.00000000,260546.04380000,0
1644620040000,0.14330000,0.14350000,0.14270000,0.14340000,3066454.00000000,1644620219999,438604.49530000,533,1206846.00000000,172637.81580000,0
1644620220000,0.14340000,0.14350000,0.14320000,0.14320000,880458.00000000,1644620399999,126187.06810000,189,263440.00000000,37777.72900000,0
1644620400000,0.14320000,0.14370000,0.14280000,0.14350000,2510116.00000000,1644620579999,359690.13840000,435,1360307.00000000,194851.12260000,0
1644620580000,0.14340000,0.14350000,0.14320000,0.14330000,614977.00000000,1644620759999,88165.21710000,220,137693.00000000,19750.40700000,0
1644620760000,0.14320000,0.14350000,0.14290000,0.14290000,882446.00000000,1644620939999,126396.43220000,262,396954.00000000,56879.77450000,0
1644620940000,0.14280000,0.14320000,0.14240000,0.14310000,2194846.00000000,1644621119999,313248.85940000,488,997859.00000000,142471.13960000,0
1644621120000,0.14310000,0.14360000,0.14300000,0.14340000,788156.00000000,1644621299999,112941.80370000,256,325855.00000000,46705.70710000,0
1644621300000,0.14340000,0.14440000,0.14330000,0.14420000,2836430.00000000,1644621479999,408542.92080000,566,1377275.00000000,198256.00810000,0
1644621480000,0.14410000,0.14410000,0.14370000,0.14390000,835057.00000000,1644621659999,120144.81490000,188,395443.00000000,56909.34170000,0
1644621660000,0.14390000,0.14490000,0.14390000,0.14480000,1122224.00000000,1644621839999,162186.28550000,291,763951.00000000,110462.36080000,0
1644621840000,0.14480000,0.14480000,0.14440000,0.14470000,1224869.00000000,1644622019999,177170.74660000,224,355054.00000000,51363.27860000,0
1644622020000,0.14470000,0.14500000,0.14450000,0.14480000,1219361.00000000,1644622199999,176504.68280000,246,540782.00000000,78275.12180000,0
1644622200000,0.14470000,0.14490000,0.14470000,0.14480000,835624.00000000,1644622379999,120999.30580000,215,102407.00000000,14836.19670000,0
1644622380000,0.14480000,0.14530000,0.14470000,0.14500000,1141660.00000000,1644622559999,165588.75530000,404,613673.00000000,89006.23890000,0
1644622560000,0.14500000,0.14520000,0.14480000,0.14500000,441916.00000000,1644622739999,64115.71200000,155,189263.00000000,27465.55470000,0
1644622740000,0.14500000,0.14500000,0.14480000,0.14500000,368023.00000000,1644622919999,53329.52100000,109,146504.00000000,21231.68440000,0
1644622920000,0.14490000,0.14500000,0.14470000,0.14490000,533609.00000000,1644623099999,77267.02320000,120,236065.00000000,34190.79600000,0
1644623100000,0.14500000,0.14500000,0.14430000,0.14460000,1168459.00000000,1644623279999,168852.29600000,244,748222.00000000,108098.46310000,0
1644623280000,0.14470000,0.14490000,0.14440000,0.14480000,1905272.00000000,1644623459999,275561.86810000,218,1124948.00000000,162722.08220000,0
1644623460000,0.14480000,0.14500000,0.14460000,0.14470000,559086.00000000,1644623639999,80906.81750000,124,213407.00000000,30876.54620000,0
1644623640000,0.14470000,0.14470000,0.14460000,0.14460000,12116.00000000,1644623819999,1752.98260000,5,10090.00000000,1460.02300000,0
