1637193600.0,577.90000000,581.40000000,576.60000000,580.70000000,15106.33800000,1637194499999,8752127.50530000,9231,7510.52200000,4350602.37190000,0
1637194500.0,580.60000000,583.70000000,579.60000000,582.40000000,13901.27900000,1637195399999,8090204.61640000,8755,6581.69400000,3829573.53660000,0
1637195400.0,582.50000000,584.80000000,581.40000000,583.50000000,9740.63800000,1637196299999,5681714.89010000,7166,4913.00500000,2865979.91610000,0
1637196300.0,583.50000000,587.40000000,583.00000000,585.20000000,14215.52300000,1637197199999,8324430.25440000,9406,7642.73500000,4475863.75230000,0
1637197200.0,585.20000000,586.10000000,581.90000000,582.70000000,8853.68200000,1637198099999,5171296.23800000,6903,4179.97800000,2441788.07300000,0
1637198100.0,582.60000000,583.40000000,581.10000000,583.00000000,6611.70700000,1637198999999,3849802.72870000,5426,3171.35800000,1846689.78520000,0
1637199000.0,583.00000000,588.20000000,583.00000000,587.40000000,15054.03900000,1637199899999,8830498.85920000,8764,8163.03300000,4788332.02190000,0
1637199900.0,587.40000000,587.80000000,585.30000000,587.00000000,10386.49100000,1637200799999,6092032.31520000,5684,5910.87700000,3466802.75900000,0
1637200800.0,587.00000000,588.00000000,584.30000000,584.60000000,11205.34500000,1637201699999,6570356.52160000,6790,5324.17100000,3122269.55020000,0
1637201700.0,584.70000000,585.30000000,583.50000000,585.00000000,7112.46200000,1637202599999,4156403.64330000,4787,3493.30600000,2041461.58650000,0
1637202600.0,584.90000000,586.70000000,583.60000000,586.00000000,7293.08300000,1637203499999,4269080.81930000,5315,3763.72400000,2202933.00050000,0
1637203500.0,586.00000000,587.20000000,584.10000000,586.20000000,8163.82800000,1637204399999,4783416.13240000,5646,4215.40500000,2469911.44680000,0
1637204400.0,586.20000000,586.60000000,583.00000000,583.10000000,7636.98500000,1637205299999,4466753.32540000,5955,3229.27600000,1888835.35520000,0
1637205300.0,583.00000000,584.90000000,582.80000000,583.60000000,7019.05400000,1637206199999,4096841.17460000,5053,4044.27800000,2360792.24520000,0
1637206200.0,583.60000000,584.30000000,582.00000000,582.60000000,7659.66300000,1637207099999,4464237.81520000,5578,3418.77700000,1992748.17420000,0
1637207100.0,582.60000000,583.20000000,579.60000000,579.60000000,12823.30200000,1637207999999,7451776.85980000,7471,5784.92300000,3362101.99190000,0
1637208000.0,579.70000000,581.30000000,579.00000000,579.20000000,8341.15900000,1637208899999,4838186.67010000,5432,4240.57400000,2459725.51150000,0
1637208900.0,579.10000000,581.70000000,575.70000000,576.20000000,16732.41900000,1637209799999,9689592.45620000,10900,8906.52300000,5159111.83180000,0
1637209800.0,576.20000000,576.80000000,570.40000000,574.10000000,31901.71800000,1637210699999,18318451.80770000,16419,14799.01600000,8498072.94660000,0
1637210700.0,574.20000000,575.40000000,572.50000000,572.70000000,10198.11700000,1637211599999,5855167.85470000,7473,4719.09100000,2709433.25050000,0
1637211600.0,572.70000000,573.80000000,571.20000000,572.80000000,9529.39900000,1637212499999,5456999.27310000,6851,4554.77700000,2608212.97900000,0
1637212500.0,572.90000000,574.80000000,572.40000000,574.50000000,9731.05000000,1637213399999,5580924.37330000,6788,4991.52300000,2862790.87270000,0
1637213400.0,574.40000000,575.70000000,573.60000000,574.60000000,8040.91200000,1637214299999,4622173.36540000,5637,4129.74900000,2373915.02070000,0
1637214300.0,574.60000000,575.70000000,573.80000000,575.00000000,8921.67300000,1637215199999,5129112.19740000,5663,4288.08500000,2465178.79290000,0
1637215200.0,575.00000000,575.20000000,571.60000000,573.00000000,9743.87900000,1637216099999,5587945.35710000,6669,4487.25700000,2573182.66210000,0
1637216100.0,573.00000000,576.00000000,572.40000000,574.50000000,9478.93400000,1637216999999,5443756.82550000,6143,4881.26600000,2802692.62460000,0
1637217000.0,574.50000000,575.50000000,572.50000000,574.80000000,8566.01100000,1637217899999,4919260.52390000,5716,4547.12300000,2610978.56800000,0
1637217900.0,574.70000000,575.10000000,570.30000000,574.00000000,11601.32700000,1637218799999,6647733.24670000,6675,5300.10100000,3037868.64920000,0
1637218800.0,573.90000000,574.40000000,571.60000000,572.00000000,8437.43500000,1637219699999,4832191.96070000,6339,4198.84900000,2404895.40230000,0
1637219700.0,572.00000000,573.00000000,570.40000000,571.00000000,8554.46100000,1637220599999,4887811.15900000,6271,4945.79400000,2825699.68310000,0
1637220600.0,571.00000000,572.10000000,569.70000000,571.90000000,8131.27200000,1637221499999,4641371.24450000,6845,3662.66700000,2091044.30340000,0
1637221500.0,571.90000000,574.10000000,571.50000000,573.70000000,6936.78700000,1637222399999,3976961.16710000,5547,3617.99700000,2074289.13270000,0
1637222400.0,573.80000000,574.50000000,570.90000000,571.10000000,10882.00300000,1637223299999,6231635.73490000,6742,5520.84800000,3161000.61630000,0
1637223300.0,571.10000000,574.60000000,570.20000000,574.30000000,8373.82200000,1637224199999,4796577.54040000,5598,4239.04100000,2427773.68910000,0
1637224200.0,574.30000000,574.80000000,571.00000000,571.50000000,6392.57800000,1637225099999,3658471.85020000,5517,3575.54500000,2046156.09150000,0
1637225100.0,571.40000000,573.60000000,570.50000000,573.50000000,9537.84400000,1637225999999,5454632.23850000,5963,5103.31800000,2918599.94130000,0
1637226000.0,573.50000000,573.80000000,568.70000000,570.00000000,11582.42500000,1637226899999,6613675.95960000,8591,6188.50300000,3535028.19310000,0
1637226900.0,570.00000000,570.50000000,567.30000000,567.70000000,9331.39800000,1637227799999,5305439.14260000,7153,4589.56500000,2609763.80400000,0
1637227800.0,567.60000000,569.00000000,565.00000000,566.50000000,16563.03500000,1637228699999,9382499.35740000,10037,9592.39400000,5433001.65730000,0
1637228700.0,566.40000000,569.80000000,565.30000000,568.40000000,12761.12600000,1637229599999,7241803.34620000,9313,6124.49800000,3476179.85050000,0
1637229600.0,568.50000000,570.60000000,566.60000000,567.40000000,12278.16100000,1637230499999,6985465.65890000,9686,6266.24500000,3565493.60100000,0
1637230500.0,567.30000000,569.50000000,565.20000000,569.10000000,12118.32200000,1637231399999,6876551.34780000,7935,6135.66300000,3481992.52580000,0
1637231400.0,569.20000000,571.20000000,568.60000000,570.80000000,9868.86500000,1637232299999,5625751.41740000,7648,4657.15700000,2655056.72530000,0
1637232300.0,570.80000000,573.50000000,569.70000000,573.00000000,10905.32700000,1637233199999,6232799.74090000,8568,5617.81100000,3210648.20260000,0
1637233200.0,573.00000000,574.00000000,571.40000000,572.90000000,13273.99800000,1637234099999,7603885.96220000,8695,6993.61600000,4006412.58600000,0
1637234100.0,572.90000000,573.10000000,570.80000000,572.90000000,8136.61900000,1637234999999,4652750.00520000,6606,4213.42600000,2409328.13580000,0
1637235000.0,572.80000000,572.90000000,569.60000000,569.80000000,9895.93300000,1637235899999,5651363.57640000,7784,4723.31300000,2697619.67000000,0
1637235900.0,569.90000000,570.40000000,566.80000000,567.30000000,14760.42800000,1637236799999,8394592.19330000,9541,7333.64000000,4171366.69740000,0
1637236800.0,567.30000000,570.30000000,564.80000000,570.20000000,19736.24000000,1637237699999,11193321.31280000,11695,9717.72500000,5511689.52620000,0
1637237700.0,570.30000000,573.10000000,568.00000000,570.10000000,17952.58200000,1637238599999,10243142.83920000,11264,9190.02300000,5244033.92880000,0
1637238600.0,570.10000000,571.40000000,567.00000000,568.40000000,18275.69500000,1637239499999,10392768.07520000,10567,8320.35400000,4731699.44510000,0
1637239500.0,568.40000000,569.90000000,565.10000000,566.60000000,16493.33700000,1637240399999,9360181.32050000,9716,8370.98300000,4750572.11810000,0
1637240400.0,566.60000000,568.10000000,562.80000000,563.40000000,15500.69800000,1637241299999,8764894.28600000,10329,7389.24900000,4179067.11400000,0
1637241300.0,563.40000000,564.60000000,558.70000000,560.30000000,27064.38100000,1637242199999,15194562.13430000,15606,12004.77200000,6738891.55840000,0
1637242200.0,560.40000000,568.30000000,558.80000000,565.90000000,27465.40600000,1637243099999,15490879.65760000,14268,15700.34100000,8854146.49470000,0
1637243100.0,565.80000000,566.40000000,562.50000000,563.70000000,11354.29000000,1637243999999,6407778.94050000,8447,5770.80400000,3256528.49960000,0
1637244000.0,563.80000000,564.40000000,560.10000000,560.40000000,17016.05200000,1637244899999,9565116.06750000,10630,7771.95000000,4368886.14780000,0
1637244900.0,560.50000000,561.60000000,559.30000000,559.40000000,14493.09900000,1637245799999,8120497.48750000,9036,7408.88100000,4151234.74900000,0
1637245800.0,559.40000000,561.30000000,557.10000000,557.20000000,21158.88900000,1637246699999,11842553.95530000,12657,9903.46600000,5543319.64310000,0
1637246700.0,557.10000000,559.30000000,555.20000000,556.70000000,21376.50900000,1637247599999,11904284.82200000,12159,10399.25600000,5790817.16440000,0
1637247600.0,556.70000000,559.30000000,552.00000000,553.60000000,22862.55200000,1637248499999,12703610.93840000,14217,10490.13900000,5830033.51050000,0
1637248500.0,553.60000000,554.20000000,510.00000000,551.60000000,106353.59900000,1637249399999,57888010.53250000,60599,39587.16300000,21666741.85460000,0
1637249400.0,551.50000000,559.90000000,549.20000000,553.00000000,55033.03700000,1637250299999,30538250.90010000,28830,29260.40000000,16228649.00590000,0
1637250300.0,553.00000000,553.20000000,542.50000000,545.60000000,40308.45200000,1637251199999,22091827.58270000,22780,18683.95600000,10240070.00440000,0
1637251200.0,545.50000000,548.40000000,541.60000000,547.50000000,38183.31500000,1637252099999,20813677.82060000,20847,19455.36500000,10604379.37040000,0
1637252100.0,547.40000000,548.00000000,529.60000000,536.80000000,65814.35300000,1637252999999,35442284.57960000,30521,32063.62200000,17264783.71760000,0
1637253000.0,536.80000000,539.00000000,529.90000000,536.90000000,59008.82600000,1637253899999,31567828.06320000,27043,29280.63800000,15662961.83780000,0
1637253900.0,536.90000000,539.10000000,531.50000000,532.20000000,36216.75100000,1637254799999,19382178.25640000,17612,17426.83400000,9327008.27730000,0
1637254800.0,532.20000000,533.10000000,515.60000000,519.60000000,123181.75800000,1637255699999,64508079.20720000,47110,57411.26200000,30077607.48130000,0
1637255700.0,519.70000000,532.40000000,519.60000000,530.70000000,61698.93300000,1637256599999,32545794.67060000,30532,30724.88300000,16212309.94180000,0
1637256600.0,530.70000000,537.10000000,529.70000000,534.70000000,41837.71100000,1637257499999,22330404.28620000,22176,22416.63100000,11965801.77020000,0
1637257500.0,534.70000000,536.60000000,531.00000000,531.40000000,24828.40300000,1637258399999,13235553.51720000,14928,12359.80800000,6589213.43040000,0
1637258400.0,531.40000000,536.70000000,531.30000000,534.60000000,20123.83700000,1637259299999,10750938.36710000,15220,10663.12100000,5696094.44190000,0
1637259300.0,534.60000000,536.60000000,532.80000000,536.00000000,17491.06300000,1637260199999,9358354.58930000,14213,9062.53600000,4848683.58260000,0
1637260200.0,535.90000000,539.00000000,534.10000000,534.50000000,16186.45600000,1637261099999,8688504.46750000,14603,8509.95500000,4568771.97550000,0
1637261100.0,534.60000000,538.30000000,534.20000000,537.90000000,11817.22900000,1637261999999,6335410.33030000,11399,6000.65800000,3217397.54360000,0
1637262000.0,537.90000000,538.60000000,536.30000000,537.60000000,14284.38200000,1637262899999,7675868.51680000,10073,7098.36200000,3814269.23030000,0
1637262900.0,537.60000000,539.30000000,537.00000000,538.10000000,12440.29000000,1637263799999,6693651.10760000,10075,6315.87700000,3398307.66310000,0
1637263800.0,538.20000000,543.00000000,537.30000000,539.60000000,20621.46800000,1637264699999,11156416.70190000,13119,9484.82400000,5131385.66790000,0
1637264700.0,539.60000000,541.30000000,538.30000000,540.10000000,12046.86500000,1637265599999,6503442.63840000,9456,6090.17800000,3287595.73280000,0
1637265600.0,540.10000000,540.50000000,535.50000000,537.80000000,11445.13700000,1637266499999,6150920.09680000,9017,5509.12400000,2961243.96950000,0
1637266500.0,537.70000000,540.00000000,535.60000000,538.40000000,13763.85500000,1637267399999,7409025.97000000,8432,8049.63400000,4334054.10440000,0
1637267400.0,538.50000000,540.30000000,536.70000000,539.60000000,10168.19500000,1637268299999,5474034.78990000,7386,4498.36400000,2421838.47500000,0
1637268300.0,539.50000000,542.70000000,538.90000000,539.20000000,15031.55200000,1637269199999,8133881.66290000,9236,6825.29600000,3692708.50910000,0
1637269200.0,539.20000000,541.80000000,539.00000000,540.70000000,8411.88400000,1637270099999,4545453.81080000,6923,4253.93000000,2298546.67900000,0
1637270100.0,540.80000000,541.10000000,537.60000000,538.00000000,8760.29600000,1637270999999,4720606.01510000,7244,4588.30600000,2472070.36190000,0
1637271000.0,537.90000000,539.10000000,536.30000000,536.50000000,9085.11400000,1637271899999,4882849.15290000,7397,4053.98600000,2178994.10360000,0
1637271900.0,536.40000000,537.10000000,533.60000000,534.80000000,10761.86100000,1637272799999,5762598.90040000,8369,5310.67500000,2844025.28670000,0
1637272800.0,534.80000000,535.80000000,528.10000000,532.80000000,15557.32100000,1637273699999,8278686.24360000,12365,7479.95300000,3980588.17010000,0
1637273700.0,532.80000000,533.80000000,530.20000000,533.30000000,10139.93100000,1637274599999,5399171.42550000,8221,4263.70300000,2270267.85170000,0
1637274600.0,533.40000000,537.60000000,529.10000000,531.30000000,18949.14300000,1637275499999,10100044.68560000,12437,9415.36300000,5019261.91840000,0
1637275500.0,531.30000000,534.10000000,525.20000000,529.60000000,17266.54600000,1637276399999,9164475.74870000,10145,7405.73600000,3933624.18280000,0
1637276400.0,529.50000000,533.40000000,528.60000000,529.10000000,16671.95800000,1637277299999,8847804.09160000,10043,7964.48600000,4225576.09990000,0
1637277300.0,529.20000000,532.40000000,527.90000000,532.20000000,14431.77700000,1637278199999,7656120.33210000,9417,6322.16600000,3353899.33310000,0
1637278200.0,532.20000000,533.80000000,528.90000000,529.80000000,13095.55500000,1637279099999,6955106.71790000,8836,6681.81500000,3548398.69790000,0
1637279100.0,529.70000000,532.90000000,527.30000000,531.80000000,14279.98900000,1637279999999,7573070.28170000,8341,7387.29000000,3918183.60200000,0
1637280000.0,531.90000000,536.00000000,527.20000000,535.20000000,27641.35800000,1637280899999,14698887.12430000,14342,13859.47200000,7370243.20320000,0
1637280900.0,535.10000000,536.60000000,531.70000000,535.20000000,14492.61200000,1637281799999,7740267.06320000,8888,7219.67800000,3855720.53360000,0
1637281800.0,535.10000000,541.50000000,533.30000000,541.30000000,21075.25900000,1637282699999,11347047.41100000,12213,9609.38700000,5173964.72660000,0
1637282700.0,541.30000000,541.90000000,538.70000000,541.50000000,14600.99200000,1637283599999,7889708.16020000,8613,7370.83800000,3983020.08240000,0
1637283600.0,541.50000000,541.70000000,538.50000000,540.50000000,11661.79900000,1637284499999,6297541.66680000,6618,5809.83600000,3137175.69760000,0
1637284500.0,540.40000000,541.00000000,535.60000000,535.60000000,13879.65400000,1637285399999,7466392.73730000,7268,7103.98900000,3821085.10720000,0
1637285400.0,535.60000000,537.60000000,534.10000000,534.50000000,10663.16300000,1637286299999,5716553.99910000,6298,5497.77300000,2947556.75870000,0
1637286300.0,534.50000000,535.80000000,532.70000000,533.10000000,13439.31700000,1637287199999,7176439.43380000,7364,6189.39500000,3305229.75650000,0
1637287200.0,533.20000000,536.10000000,532.20000000,535.80000000,13063.38400000,1637288099999,6974798.28380000,8237,6171.71600000,3295164.42800000,0
1637288100.0,535.70000000,538.00000000,533.90000000,534.30000000,15770.26600000,1637288999999,8458223.20240000,8884,8993.95300000,4824538.15590000,0
1637289000.0,534.30000000,535.70000000,531.10000000,531.50000000,13435.02100000,1637289899999,7168724.28060000,8759,6268.59300000,3345768.49390000,0
1637289900.0,531.50000000,533.20000000,527.60000000,530.80000000,28217.42200000,1637290799999,14955053.75580000,13774,13746.07300000,7285159.00450000,0
1637290800.0,530.70000000,532.30000000,529.00000000,531.60000000,14405.50000000,1637291699999,7644672.87610000,8851,7904.11500000,4194558.69230000,0
1637291700.0,531.70000000,531.80000000,527.80000000,528.70000000,9837.11000000,1637292599999,5206731.15260000,7863,5242.42600000,2774437.64930000,0
1637292600.0,528.60000000,528.80000000,523.90000000,525.00000000,17803.23200000,1637293499999,9376556.64860000,11166,8556.69100000,4506887.76290000,0
1637293500.0,524.90000000,528.10000000,524.60000000,528.10000000,10735.23700000,1637294399999,5649783.00400000,8007,5364.10400000,2822834.85340000,0
1637294400.0,528.00000000,530.60000000,527.10000000,530.40000000,13897.82300000,1637295299999,7356059.77970000,7359,7040.47800000,3726780.72060000,0
1637295300.0,530.30000000,534.10000000,530.10000000,533.70000000,11263.00400000,1637296199999,5998774.79000000,6740,6208.91300000,3307527.13950000,0
1637296200.0,533.60000000,536.10000000,533.00000000,534.90000000,10506.70300000,1637297099999,5617800.87260000,5793,4944.83000000,2643540.87750000,0
1637297100.0,534.90000000,538.10000000,534.70000000,537.60000000,11317.29200000,1637297999999,6071576.33620000,5997,6114.00500000,3279910.33900000,0
1637298000.0,537.70000000,539.60000000,537.50000000,539.00000000,11272.74600000,1637298899999,6070433.55540000,6491,5523.58500000,2974372.58420000,0
1637298900.0,539.00000000,539.30000000,534.80000000,535.40000000,9834.53700000,1637299799999,5277097.01660000,6245,5259.70800000,2822155.98280000,0
1637299800.0,535.40000000,551.10000000,535.40000000,550.10000000,49054.11200000,1637300699999,26762215.46110000,21712,24428.25800000,13331417.36880000,0
1637300700.0,550.10000000,555.10000000,549.90000000,551.60000000,36410.53200000,1637301599999,20133908.82350000,13933,16775.52000000,9274532.72910000,0
1637301600.0,551.60000000,552.80000000,549.40000000,550.90000000,16165.87600000,1637302499999,8911205.93350000,8206,7718.27400000,4254751.61240000,0
1637302500.0,550.90000000,551.70000000,547.80000000,550.20000000,13094.51700000,1637303399999,7197657.17840000,8241,6963.29200000,3827419.41620000,0
1637303400.0,550.30000000,552.70000000,548.60000000,549.20000000,13574.15400000,1637304299999,7473189.61900000,8045,7072.18700000,3893487.84480000,0
1637304300.0,549.10000000,550.40000000,546.90000000,547.90000000,12772.92000000,1637305199999,7007296.32530000,6574,6226.52000000,3416117.90550000,0
1637305200.0,547.90000000,550.80000000,546.10000000,546.30000000,14982.35200000,1637306099999,8212816.48150000,7707,7852.85300000,4305543.83280000,0
1637306100.0,546.20000000,547.80000000,545.10000000,546.30000000,15147.30800000,1637306999999,8274049.89110000,7200,7413.65300000,4049796.57310000,0
1637307000.0,546.40000000,546.50000000,543.30000000,546.00000000,15431.02900000,1637307899999,8403929.50650000,7482,8105.88600000,4414628.48290000,0
1637307900.0,546.00000000,546.60000000,543.70000000,545.60000000,10879.82400000,1637308799999,5929810.79490000,6246,5831.09900000,3178117.75860000,0
1637308800.0,545.70000000,550.60000000,545.50000000,550.10000000,12847.08800000,1637309699999,7045501.08450000,8697,6313.40000000,3462126.74340000,0
1637309700.0,550.10000000,560.00000000,550.00000000,559.60000000,34047.72300000,1637310599999,18936082.93550000,17200,18574.88500000,10331976.28530000,0
1637310600.0,559.60000000,559.90000000,556.40000000,558.90000000,19697.87700000,1637311499999,10997401.51850000,9651,10744.96000000,5998731.79340000,0
1637311500.0,558.90000000,561.40000000,558.00000000,559.30000000,17357.82100000,1637312399999,9718162.42150000,10557,8622.90100000,4827842.94730000,0
1637312400.0,559.40000000,564.00000000,558.70000000,563.00000000,18743.79000000,1637313299999,10522503.37400000,10529,9318.11900000,5230707.85830000,0
1637313300.0,563.00000000,566.10000000,562.60000000,563.40000000,18875.92200000,1637314199999,10653521.89330000,13347,9624.71300000,5431667.13150000,0
1637314200.0,563.40000000,565.50000000,562.30000000,565.40000000,13484.12100000,1637315099999,7604059.36570000,8365,6471.33600000,3648968.34160000,0
1637315100.0,565.50000000,565.60000000,562.70000000,564.20000000,16582.87300000,1637315999999,9347957.81600000,10673,8563.00700000,4826899.77440000,0
1637316000.0,564.20000000,565.50000000,560.20000000,560.20000000,13899.27700000,1637316899999,7816049.25650000,9004,6317.07200000,3552075.70640000,0
1637316900.0,560.30000000,562.10000000,559.10000000,561.20000000,10895.14000000,1637317799999,6109945.54030000,7455,5373.03300000,3013344.26320000,0
1637317800.0,561.20000000,561.90000000,559.70000000,560.10000000,9647.07600000,1637318699999,5411806.92690000,6532,4693.84800000,2633280.59010000,0
1637318700.0,560.10000000,562.50000000,559.70000000,562.30000000,10382.26300000,1637319599999,5823750.44340000,6528,4844.43900000,2717432.67990000,0
1637319600.0,562.30000000,565.00000000,557.70000000,558.20000000,15567.71000000,1637320499999,8737949.67350000,8859,7738.75600000,4343215.44480000,0
1637320500.0,558.20000000,560.40000000,557.40000000,559.30000000,10333.96300000,1637321399999,5778091.58560000,6715,5026.82900000,2810527.91180000,0
1637321400.0,559.20000000,561.20000000,556.70000000,560.40000000,16911.56500000,1637322299999,9447037.51030000,8304,8782.98400000,4905045.47650000,0
1637322300.0,560.30000000,562.20000000,558.60000000,561.70000000,10616.34400000,1637323199999,5947820.98390000,6359,5354.13300000,2999665.63640000,0
1637323200.0,561.70000000,567.30000000,560.50000000,566.90000000,23425.52200000,1637324099999,13210464.54450000,14642,12935.31800000,7295908.37380000,0
1637324100.0,566.90000000,569.60000000,566.40000000,569.50000000,15239.76800000,1637324999999,8654835.11030000,15332,8015.98000000,4552388.18390000,0
1637325000.0,569.40000000,569.70000000,566.70000000,567.30000000,14606.94000000,1637325899999,8303528.10070000,13206,7014.31200000,3987600.96080000,0
1637325900.0,567.30000000,567.50000000,564.20000000,564.80000000,13024.75300000,1637326799999,7369668.93340000,13019,6699.73700000,3790914.67780000,0
1637326800.0,564.70000000,567.40000000,562.90000000,567.10000000,15739.58600000,1637327699999,8892347.21890000,11611,7855.30100000,4437980.19740000,0
1637327700.0,567.20000000,569.80000000,565.70000000,568.10000000,14772.77200000,1637328599999,8392371.68640000,11663,7586.32600000,4309577.43920000,0
1637328600.0,568.20000000,572.90000000,567.30000000,571.60000000,22217.49700000,1637329499999,12683803.19590000,15864,10062.78100000,5743060.11780000,0
1637329500.0,571.70000000,575.30000000,571.60000000,574.90000000,19021.36500000,1637330399999,10909529.80090000,15956,9994.74600000,5732533.44340000,0
1637330400.0,574.90000000,576.70000000,573.60000000,575.90000000,18212.17200000,1637331299999,10479963.11870000,15187,9380.38000000,5397813.82890000,0
1637331300.0,575.90000000,576.50000000,573.60000000,575.60000000,15801.90300000,1637332199999,9084642.59600000,13149,7915.82200000,4550699.52050000,0
1637332200.0,575.70000000,579.40000000,574.70000000,579.30000000,14439.96700000,1637333099999,8327184.57510000,13823,7559.40300000,4359375.67430000,0
1637333100.0,579.30000000,581.00000000,576.70000000,580.80000000,18683.09300000,1637333999999,10817261.68900000,15289,10463.75700000,6058942.96080000,0
1637334000.0,580.70000000,581.00000000,575.20000000,576.30000000,19763.56500000,1637334899999,11412631.69010000,16026,9406.01600000,5431631.06230000,0
1637334900.0,576.20000000,578.30000000,575.20000000,576.20000000,11534.67300000,1637335799999,6652500.82280000,12231,5439.73400000,3137290.59790000,0
1637335800.0,576.20000000,578.70000000,575.10000000,578.30000000,11119.69500000,1637336699999,6412000.85470000,11811,5529.51900000,3188658.91670000,0
1637336700.0,578.30000000,579.10000000,575.90000000,576.50000000,12983.21300000,1637337599999,7501038.56610000,11726,6542.07200000,3779872.00800000,0
1637337600.0,576.50000000,579.60000000,576.30000000,579.10000000,10034.05200000,1637338499999,5802179.80460000,11833,5487.09300000,3172891.50420000,0
1637338500.0,579.10000000,580.40000000,576.20000000,576.80000000,13746.51300000,1637339399999,7945240.72000000,14185,6745.02100000,3899232.73340000,0
1637339400.0,576.70000000,579.40000000,576.70000000,579.00000000,9656.34800000,1637340299999,5584387.67960000,11943,4826.37400000,2791288.30280000,0
1637340300.0,579.00000000,581.40000000,578.20000000,580.60000000,9635.39800000,1637341199999,5588269.33810000,12166,4732.56300000,2744907.80970000,0
1637341200.0,580.50000000,583.60000000,580.40000000,582.40000000,15466.07100000,1637342099999,8998519.30070000,10606,9631.47500000,5604000.75360000,0
1637342100.0,582.50000000,583.10000000,580.20000000,582.40000000,11541.07700000,1637342999999,6714062.63820000,9506,5766.47000000,3355081.27600000,0
1637343000.0,582.30000000,584.60000000,581.20000000,582.40000000,13767.53100000,1637343899999,8026751.49200000,10548,6603.47700000,3849846.85430000,0
1637343900.0,582.40000000,583.20000000,579.80000000,580.20000000,10797.52800000,1637344799999,6273906.37960000,8966,4854.06700000,2820604.38430000,0
1637344800.0,580.20000000,582.60000000,579.50000000,581.50000000,8630.86100000,1637345699999,5013182.21210000,7705,4374.59000000,2540864.18990000,0
1637345700.0,581.50000000,581.90000000,577.50000000,578.30000000,11098.08700000,1637346599999,6426267.33230000,9439,5029.45400000,2912398.19820000,0
1637346600.0,578.20000000,579.20000000,577.50000000,578.90000000,7869.38700000,1637347499999,4551196.69370000,6994,3941.04300000,2279549.16040000,0
1637347500.0,579.00000000,579.60000000,577.50000000,578.40000000,6634.67100000,1637348399999,3838352.49600000,6109,3109.82500000,1798991.60670000,0
1637348400.0,578.40000000,581.40000000,578.30000000,581.10000000,8004.20000000,1637349299999,4640852.88890000,6374,4050.22100000,2348304.21350000,0
1637349300.0,581.10000000,583.00000000,580.70000000,581.40000000,8303.83600000,1637350199999,4830095.44300000,6916,4403.12100000,2561150.35150000,0
1637350200.0,581.40000000,581.70000000,579.60000000,581.60000000,14004.63400000,1637351099999,8132713.23490000,7089,7523.16700000,4368936.99930000,0
1637351100.0,581.50000000,584.90000000,581.50000000,584.50000000,6829.32900000,1637351999999,3983480.47100000,6888,3630.92500000,2118110.84940000,0
1637352000.0,584.40000000,585.00000000,582.80000000,583.50000000,6811.90100000,1637352899999,3977908.61850000,7234,3727.97100000,2177230.40400000,0
1637352900.0,583.40000000,583.60000000,580.90000000,581.80000000,5634.37500000,1637353799999,3281029.44180000,6909,2785.42600000,1622169.74210000,0
1637353800.0,581.70000000,582.20000000,580.40000000,581.90000000,7720.56100000,1637354699999,4488943.48890000,7396,3437.05200000,1998427.54360000,0
1637354700.0,581.90000000,583.70000000,581.50000000,581.90000000,7609.73000000,1637355599999,4434079.36630000,6744,4030.14800000,2348246.06130000,0
1637355600.0,581.90000000,582.40000000,579.20000000,580.50000000,7064.85600000,1637356499999,4102075.03030000,6857,3815.25700000,2215323.77200000,0
1637356500.0,580.50000000,582.00000000,579.90000000,580.40000000,5505.41600000,1637357399999,3198692.88770000,5527,2640.66200000,1534206.58170000,0
1637357400.0,580.40000000,581.70000000,579.10000000,580.80000000,9226.87900000,1637358299999,5356773.35520000,6271,4109.17800000,2386042.02420000,0
1637358300.0,580.80000000,582.70000000,580.60000000,581.70000000,5359.99900000,1637359199999,3118134.17550000,5012,2582.97800000,1502637.89260000,0
1637359200.0,581.70000000,585.50000000,581.70000000,584.00000000,7442.46900000,1637360099999,4344898.57750000,7454,3322.91100000,1939634.40320000,0
1637360100.0,584.00000000,584.40000000,581.50000000,583.80000000,5147.52100000,1637360999999,3002675.63990000,6466,2527.93900000,1474740.26420000,0
1637361000.0,583.90000000,584.10000000,581.40000000,581.60000000,5720.94100000,1637361899999,3335380.47740000,6280,3000.55900000,1749632.13720000,0
1637361900.0,581.50000000,581.70000000,579.60000000,581.00000000,8023.13700000,1637362799999,4659180.72360000,7649,3959.44800000,2299461.03030000,0
1637362800.0,581.00000000,582.00000000,579.40000000,581.60000000,7462.70400000,1637363699999,4330924.56130000,5836,4040.93000000,2344953.18380000,0
1637363700.0,581.60000000,582.50000000,579.80000000,581.70000000,5351.76700000,1637364599999,3111754.39420000,5281,2775.83700000,1613926.95530000,0
1637364600.0,581.70000000,581.70000000,578.30000000,579.00000000,6456.01100000,1637365499999,3744173.73710000,5522,2956.55000000,1714680.61150000,0
1637365500.0,578.90000000,581.40000000,578.80000000,581.00000000,7427.07600000,1637366399999,4308677.63990000,4946,4610.38200000,2674511.26580000,0
1637366400.0,581.00000000,584.80000000,580.00000000,584.80000000,14413.82400000,1637367299999,8393579.36160000,7569,7567.94100000,4407318.92600000,0
1637367300.0,584.80000000,587.20000000,583.30000000,585.80000000,12738.37600000,1637368199999,7455855.54270000,8713,6154.61300000,3602678.18770000,0
1637368200.0,585.80000000,586.50000000,582.00000000,584.50000000,12254.55700000,1637369099999,7151305.86180000,7277,6867.45300000,4006870.94960000,0
1637369100.0,584.50000000,585.90000000,582.60000000,584.00000000,8586.89400000,1637369999999,5018303.88660000,5769,3643.87700000,2129722.31570000,0
1637370000.0,584.10000000,587.50000000,583.50000000,587.40000000,9756.26800000,1637370899999,5717830.40450000,6331,4985.83000000,2921680.45500000,0
1637370900.0,587.40000000,589.00000000,586.10000000,588.40000000,13042.78600000,1637371799999,7669188.88400000,9329,6811.07600000,4005126.29260000,0
1637371800.0,588.40000000,589.70000000,587.90000000,588.60000000,8734.01000000,1637372699999,5141841.13570000,6661,4687.49500000,2759842.36500000,0
1637372700.0,588.60000000,592.30000000,588.10000000,590.90000000,12711.23900000,1637373599999,7507130.03860000,9677,6515.16200000,3847291.84650000,0
1637373600.0,590.90000000,591.70000000,588.50000000,590.00000000,12235.06900000,1637374499999,7221800.20520000,11544,6248.85100000,3688256.54620000,0
1637374500.0,589.90000000,592.10000000,589.60000000,590.30000000,7845.79300000,1637375399999,4637281.45620000,10224,4496.30400000,2657657.27350000,0
1637375400.0,590.40000000,592.20000000,588.70000000,589.20000000,7949.47900000,1637376299999,4693304.10440000,9465,3666.33500000,2164101.80230000,0
1637376300.0,589.30000000,589.90000000,588.60000000,588.70000000,6064.42500000,1637377199999,3572999.37260000,8882,3126.10600000,1841858.50680000,0
1637377200.0,588.70000000,589.20000000,586.40000000,587.20000000,11044.31900000,1637378099999,6488931.16260000,7626,5623.95100000,3304432.78220000,0
1637378100.0,587.30000000,589.30000000,586.20000000,586.80000000,9344.14500000,1637378999999,5493451.21980000,7353,4403.10300000,2588956.40110000,0
1637379000.0,586.70000000,587.60000000,584.20000000,584.90000000,9353.98600000,1637379899999,5480346.16560000,7733,5154.16900000,3020286.83320000,0
1637379900.0,585.00000000,585.00000000,579.50000000,582.30000000,25334.71000000,1637380799999,14762179.27730000,10783,10765.71000000,6271548.43300000,0
1637380800.0,582.20000000,582.80000000,580.00000000,580.80000000,10858.96100000,1637381699999,6309045.53470000,8134,5427.31500000,3153353.87500000,0
1637381700.0,580.80000000,581.00000000,579.20000000,579.70000000,7671.58600000,1637382599999,4451099.81460000,7247,3744.81800000,2172877.87820000,0
1637382600.0,579.60000000,582.50000000,579.00000000,581.50000000,18457.25700000,1637383499999,10718554.10620000,9016,11233.78200000,6523923.52620000,0
1637383500.0,581.40000000,582.70000000,580.00000000,582.50000000,8261.12900000,1637384399999,4803996.77880000,7099,3987.32200000,2318482.08560000,0
1637384400.0,582.50000000,583.70000000,580.50000000,580.60000000,8480.49800000,1637385299999,4939379.74390000,6635,4220.90700000,2458489.53320000,0
1637385300.0,580.60000000,582.50000000,579.20000000,582.50000000,8321.86000000,1637386199999,4830782.61670000,7165,4210.25400000,2444183.72360000,0
1637386200.0,582.40000000,583.80000000,582.00000000,583.20000000,6747.55900000,1637387099999,3933617.86470000,6664,3265.51100000,1903688.77460000,0
1637387100.0,583.20000000,583.20000000,580.60000000,581.40000000,6258.47000000,1637387999999,3640644.10280000,5882,3200.24100000,1861666.10960000,0
1637388000.0,581.40000000,581.70000000,580.10000000,581.00000000,7065.67700000,1637388899999,4103745.83560000,8083,3644.43200000,2116588.33270000,0
1637388900.0,581.10000000,584.40000000,580.90000000,582.90000000,9033.30200000,1637389799999,5263658.06370000,9583,4567.33900000,2661251.71560000,0
1637389800.0,582.90000000,585.00000000,582.10000000,582.50000000,11341.14900000,1637390699999,6617330.46040000,9829,4818.77700000,2811356.48880000,0
1637390700.0,582.50000000,583.90000000,581.20000000,583.60000000,8854.65600000,1637391599999,5156267.64120000,9593,4553.75500000,2651639.54350000,0
1637391600.0,583.70000000,584.40000000,582.30000000,584.30000000,9100.56500000,1637392499999,5309811.58730000,9771,4364.01600000,2546393.65130000,0
1637392500.0,584.30000000,584.40000000,581.70000000,581.80000000,8362.38100000,1637393399999,4873662.78810000,10362,3925.78600000,2288191.41000000,0
1637393400.0,581.80000000,582.70000000,580.80000000,582.30000000,6492.03200000,1637394299999,3777319.39160000,9545,3198.49000000,1861168.89170000,0
1637394300.0,582.40000000,582.50000000,580.60000000,581.40000000,8078.44700000,1637395199999,4696681.65380000,9265,4135.22300000,2403902.85140000,0
1637395200.0,581.40000000,582.00000000,580.80000000,581.90000000,7065.94600000,1637396099999,4108125.68010000,6155,3994.69300000,2322560.92230000,0
1637396100.0,581.90000000,583.10000000,581.20000000,582.90000000,7121.52800000,1637396999999,4146023.40810000,6140,3337.81200000,1943182.50400000,0
1637397000.0,582.90000000,584.90000000,582.50000000,584.70000000,9582.94600000,1637397899999,5593434.85280000,7020,4521.12400000,2639212.76670000,0
1637397900.0,584.60000000,584.80000000,582.70000000,583.10000000,8012.06400000,1637398799999,4678178.41880000,6824,3704.47100000,2163034.35820000,0
1637398800.0,583.00000000,586.20000000,582.90000000,585.20000000,10566.09000000,1637399699999,6179585.14670000,7713,5357.47500000,3133000.97490000,0
1637399700.0,585.10000000,585.30000000,580.00000000,581.00000000,12612.40800000,1637400599999,7340213.15130000,8817,5741.88800000,3341830.01690000,0
1637400600.0,581.00000000,582.90000000,579.80000000,582.80000000,7424.95600000,1637401499999,4314732.32840000,6995,3510.84000000,2040076.90020000,0
1637401500.0,582.90000000,583.60000000,581.80000000,582.20000000,10127.91900000,1637402399999,5904087.80100000,6404,4633.95100000,2701597.81300000,0
1637402400.0,582.10000000,582.90000000,581.20000000,582.90000000,8025.43600000,1637403299999,4670591.05530000,6667,3962.94300000,2306366.27970000,0
1637403300.0,582.90000000,585.40000000,582.70000000,585.30000000,10975.97200000,1637404199999,6408318.53670000,7364,6269.88000000,3660574.73940000,0
1637404200.0,585.30000000,586.10000000,583.70000000,585.10000000,9730.83200000,1637405099999,5691402.88380000,6929,5069.23900000,2965089.69870000,0
1637405100.0,585.10000000,585.30000000,583.20000000,584.70000000,6966.71000000,1637405999999,4069564.65110000,5878,3373.98800000,1970917.49260000,0
1637406000.0,584.70000000,586.90000000,584.70000000,586.80000000,10950.82400000,1637406899999,6416562.60220000,8848,5259.91900000,3081896.86640000,0
1637406900.0,586.90000000,586.90000000,584.50000000,586.40000000,7020.23600000,1637407799999,4111217.09530000,8401,3524.37400000,2063967.87330000,0
1637407800.0,586.30000000,588.90000000,586.00000000,588.50000000,11100.54500000,1637408699999,6521963.09690000,10637,5692.45200000,3344336.78730000,0
1637408700.0,588.60000000,590.70000000,588.40000000,590.00000000,13764.92300000,1637409599999,8118083.38570000,12152,7245.95600000,4273521.89620000,0
1637409600.0,589.90000000,593.80000000,589.90000000,592.20000000,25680.93700000,1637410499999,15206292.38480000,16993,13151.58300000,7787327.85370000,0
1637410500.0,592.20000000,592.80000000,589.60000000,590.20000000,10098.88400000,1637411399999,5969152.67180000,9923,4786.14900000,2829346.52350000,0
1637411400.0,590.30000000,591.50000000,588.50000000,588.70000000,15034.20100000,1637412299999,8872785.80440000,10176,7594.22800000,4482481.17340000,0
1637412300.0,588.70000000,591.60000000,586.90000000,590.20000000,15033.43700000,1637413199999,8857535.65930000,10473,7726.92600000,4553849.65600000,0
1637413200.0,590.30000000,591.00000000,588.50000000,588.60000000,8718.84800000,1637414099999,5144588.07110000,8445,4093.47300000,2415391.79360000,0
1637414100.0,588.60000000,588.80000000,587.00000000,588.20000000,8612.90900000,1637414999999,5062511.05650000,8824,3815.12800000,2242552.38720000,0
1637415000.0,588.20000000,588.30000000,585.80000000,587.20000000,9721.27000000,1637415899999,5705773.12190000,9978,5004.57800000,2937536.81580000,0
1637415900.0,587.30000000,587.60000000,585.40000000,586.70000000,9687.69600000,1637416799999,5682730.49980000,9392,5150.79200000,3021791.14200000,0
1637416800.0,586.70000000,589.90000000,586.10000000,589.40000000,10850.37600000,1637417699999,6381210.49500000,9211,5728.57200000,3368699.70190000,0
1637417700.0,589.40000000,591.20000000,587.30000000,587.40000000,10958.03700000,1637418599999,6460403.62470000,8493,4807.06800000,2834449.62080000,0
1637418600.0,587.50000000,589.50000000,586.80000000,588.50000000,9716.57800000,1637419499999,5713566.77920000,7549,4625.04800000,2719387.53030000,0
1637419500.0,588.50000000,589.50000000,585.90000000,586.50000000,9729.21300000,1637420399999,5718506.24520000,8155,4793.18400000,2817102.47460000,0
1637420400.0,586.50000000,587.00000000,578.10000000,578.80000000,34499.15600000,1637421299999,20050842.64570000,19480,15380.51300000,8938806.43430000,0
1637421300.0,578.70000000,582.80000000,577.70000000,581.10000000,15817.16200000,1637422199999,9184953.20750000,10565,7682.19000000,4461856.73070000,0
1637422200.0,581.10000000,582.40000000,574.60000000,576.40000000,23553.84100000,1637423099999,13633061.59470000,12861,10305.35500000,5967180.16330000,0
1637423100.0,576.30000000,577.60000000,572.60000000,574.20000000,20782.88100000,1637423999999,11947940.38500000,13254,9599.17700000,5517839.47400000,0
1637424000.0,574.30000000,577.40000000,573.40000000,576.00000000,15521.47500000,1637424899999,8936140.67720000,10845,7733.46300000,4452743.60530000,0
1637424900.0,576.10000000,578.50000000,573.80000000,578.10000000,18093.55600000,1637425799999,10430200.39030000,10528,8906.37400000,5134744.64520000,0
1637425800.0,578.00000000,580.90000000,577.60000000,580.50000000,13106.11500000,1637426699999,7595838.69070000,9199,6755.87500000,3915573.69880000,0
1637426700.0,580.50000000,580.80000000,579.00000000,579.40000000,11554.28400000,1637427599999,6698620.08690000,7709,6271.15400000,3635589.92430000,0
1637427600.0,579.40000000,580.80000000,579.10000000,579.90000000,12388.92100000,1637428499999,7185279.67890000,9204,6961.39300000,4037753.66970000,0
1637428500.0,579.90000000,580.80000000,578.60000000,579.30000000,14586.85700000,1637429399999,8451899.71930000,11053,6893.71000000,3994557.37050000,0
1637429400.0,579.40000000,580.20000000,576.80000000,579.30000000,13072.20700000,1637430299999,7558468.75200000,10404,6688.39600000,3867277.24950000,0
1637430300.0,579.30000000,580.80000000,578.70000000,580.00000000,13891.53100000,1637431199999,8052701.46870000,10860,7001.39300000,4058837.24390000,0
1637431200.0,580.00000000,581.30000000,578.90000000,581.10000000,12927.52500000,1637432099999,7499086.97290000,10117,6774.64400000,3930188.07510000,0
1637432100.0,581.20000000,594.70000000,580.50000000,594.00000000,45808.91600000,1637432999999,26963103.20780000,24857,23250.83300000,13677352.28310000,0
1637433000.0,594.00000000,596.90000000,589.90000000,595.40000000,27017.62600000,1637433899999,16049482.30070000,19141,13085.74400000,7772929.49200000,0
1637433900.0,595.50000000,596.90000000,594.00000000,595.60000000,15774.49900000,1637434799999,9397345.62250000,11907,7937.46100000,4729092.09020000,0
1637434800.0,595.50000000,598.20000000,594.00000000,597.90000000,21557.87100000,1637435699999,12852098.14620000,13807,11023.24700000,6572318.62160000,0
1637435700.0,598.00000000,598.60000000,595.70000000,596.80000000,12096.24500000,1637436599999,7221811.93330000,10295,5917.84500000,3533139.54180000,0
1637436600.0,596.80000000,597.20000000,594.90000000,596.30000000,12276.44400000,1637437499999,7317760.10120000,8328,6031.21800000,3594654.21470000,0
1637437500.0,596.30000000,597.20000000,595.50000000,597.10000000,7609.27900000,1637438399999,4537044.79770000,6941,4025.13500000,2400041.11340000,0
1637438400.0,597.10000000,598.80000000,596.30000000,596.60000000,9074.72200000,1637439299999,5422738.19450000,7914,4347.78800000,2598219.17450000,0
1637439300.0,596.50000000,597.90000000,596.50000000,597.80000000,7779.36800000,1637440199999,4645029.58680000,6376,3983.68200000,2378691.72700000,0
1637440200.0,597.90000000,598.60000000,596.20000000,596.50000000,8966.41100000,1637441099999,5355727.62470000,6849,4308.44600000,2573547.99210000,0
1637441100.0,596.50000000,597.80000000,596.00000000,597.00000000,6844.07100000,1637441999999,4086399.31970000,6374,3377.87900000,2016869.78850000,0
1637442000.0,597.00000000,598.30000000,596.90000000,598.10000000,6786.56300000,1637442899999,4055998.79330000,6887,3747.18000000,2239651.13430000,0
1637442900.0,598.10000000,598.80000000,597.00000000,598.70000000,6727.41000000,1637443799999,4023133.90160000,6190,3991.38500000,2387196.74350000,0
1637443800.0,598.60000000,599.20000000,598.00000000,598.30000000,7135.79100000,1637444699999,4272009.57440000,6789,3707.66500000,2219859.45270000,0
1637444700.0,598.20000000,599.00000000,598.00000000,598.70000000,7244.23100000,1637445599999,4335977.29450000,5804,3584.27900000,2145638.85010000,0
1637445600.0,598.80000000,599.50000000,597.70000000,598.20000000,11022.26300000,1637446499999,6598518.79620000,10615,5130.16100000,3071475.19530000,0
1637446500.0,598.20000000,601.40000000,598.00000000,601.10000000,10399.19300000,1637447399999,6242643.27440000,13874,5734.49300000,3442140.14840000,0
1637447400.0,601.10000000,601.90000000,600.10000000,601.70000000,7038.76900000,1637448299999,4230995.29880000,10219,3622.34600000,2177691.95200000,0
1637448300.0,601.70000000,604.30000000,601.50000000,603.50000000,13075.22600000,1637449199999,7879187.28210000,13100,6778.20000000,4084466.68280000,0
1637449200.0,603.40000000,603.90000000,600.80000000,601.30000000,9537.82100000,1637450099999,5747641.16490000,9533,5200.12700000,3134121.15140000,0
1637450100.0,601.20000000,602.30000000,600.10000000,600.40000000,6340.67600000,1637450999999,3812934.44840000,5813,3106.22400000,1867992.04950000,0
1637451000.0,600.30000000,603.30000000,600.30000000,603.10000000,8594.97500000,1637451899999,5172574.64840000,5739,4306.19700000,2591478.60820000,0
1637451900.0,603.10000000,604.80000000,602.50000000,604.30000000,11326.12000000,1637452799999,6838408.16270000,7173,5198.09000000,3138378.20280000,0
1637452800.0,604.40000000,605.20000000,602.40000000,603.40000000,14318.87800000,1637453699999,8645270.18560000,8695,7436.98800000,4490032.95120000,0
1637453700.0,603.40000000,603.70000000,599.10000000,599.80000000,15760.94600000,1637454599999,9464897.99100000,8431,8559.70000000,5139648.45680000,0
1637454600.0,599.70000000,600.60000000,597.70000000,600.30000000,10174.11200000,1637455499999,6094493.04020000,7388,4922.84300000,2949381.00310000,0
1637455500.0,600.30000000,600.50000000,597.20000000,597.60000000,10897.07800000,1637456399999,6520995.41250000,6909,5382.87100000,3220897.35230000,0
1637456400.0,597.70000000,599.10000000,597.10000000,597.70000000,8687.21800000,1637457299999,5195178.83540000,9458,3926.77200000,2348302.73510000,0
1637457300.0,597.60000000,598.50000000,597.00000000,597.20000000,6167.59500000,1637458199999,3686025.65400000,8661,2871.10900000,1716002.22570000,0
1637458200.0,597.10000000,597.50000000,595.60000000,596.10000000,5791.12200000,1637459099999,3454762.93350000,9084,2868.60700000,1711478.01290000,0
1637459100.0,596.10000000,597.60000000,594.70000000,597.30000000,9017.92900000,1637459999999,5376600.84300000,9981,4399.35900000,2623132.17890000,0
1637460000.0,597.50000000,597.80000000,595.30000000,595.50000000,5567.05800000,1637460899999,3321503.96510000,5450,2530.06600000,1509721.92310000,0
1637460900.0,595.50000000,596.40000000,593.80000000,594.20000000,7263.71100000,1637461799999,4325535.23370000,5959,3559.29300000,2119575.90200000,0
1637461800.0,594.20000000,594.70000000,590.60000000,592.90000000,14408.01600000,1637462699999,8537285.96630000,10051,7377.83500000,4371744.05160000,0
1637462700.0,593.00000000,596.10000000,592.80000000,595.70000000,11433.33900000,1637463599999,6796122.91310000,7019,5412.01600000,3217126.33380000,0
1637463600.0,595.90000000,595.90000000,591.80000000,593.80000000,19156.01000000,1637464499999,11372385.84640000,10166,9524.20700000,5654744.86080000,0
1637464500.0,593.80000000,594.00000000,592.00000000,593.20000000,8296.27600000,1637465399999,4919479.18110000,6065,4080.25000000,2419502.13820000,0
1637465400.0,593.30000000,594.10000000,591.40000000,591.80000000,8024.22900000,1637466299999,4758161.10680000,5449,4260.06300000,2526283.78100000,0
1637466300.0,591.90000000,592.50000000,588.70000000,590.00000000,15844.65800000,1637467199999,9353514.53900000,8708,7929.47300000,4680206.87440000,0
1637467200.0,590.10000000,593.90000000,589.20000000,592.80000000,9223.57400000,1637468099999,5459020.48110000,6344,4436.03400000,2625498.00710000,0
1637468100.0,592.80000000,593.90000000,591.60000000,591.80000000,6270.60800000,1637468999999,3717600.95640000,5101,2959.36000000,1754479.03460000,0
1637469000.0,591.80000000,593.00000000,589.50000000,591.10000000,8742.12600000,1637469899999,5166749.02320000,5586,4255.18300000,2514834.63790000,0
1637469900.0,591.10000000,591.10000000,589.00000000,589.50000000,5900.15500000,1637470799999,3479278.46900000,4786,2947.54700000,1738155.75820000,0
1637470800.0,589.50000000,591.30000000,588.90000000,590.60000000,6772.24600000,1637471699999,3997991.96310000,5179,3509.36800000,2071795.87380000,0
1637471700.0,590.60000000,591.70000000,590.20000000,591.20000000,5218.31500000,1637472599999,3084354.00840000,4403,2486.14300000,1469483.69360000,0
1637472600.0,591.10000000,593.50000000,591.10000000,593.20000000,7634.24400000,1637473499999,4525291.37020000,5339,3968.20100000,2352110.63780000,0
1637473500.0,593.20000000,596.00000000,592.90000000,595.30000000,8241.65300000,1637474399999,4901086.95140000,6601,4534.48900000,2696837.11580000,0
1637474400.0,595.30000000,595.70000000,592.90000000,594.00000000,7068.08200000,1637475299999,4199432.85070000,6106,3587.36800000,2131269.99680000,0
1637475300.0,594.00000000,595.00000000,592.70000000,593.10000000,5420.67800000,1637476199999,3218773.53400000,5339,2649.90500000,1573683.95190000,0
1637476200.0,593.00000000,595.40000000,592.70000000,593.20000000,5694.28600000,1637477099999,3382895.63900000,5831,2854.20000000,1695619.44390000,0
1637477100.0,593.20000000,595.90000000,592.90000000,595.70000000,7179.96700000,1637477999999,4267538.01680000,5879,3437.99300000,2043381.15960000,0
1637478000.0,595.80000000,595.80000000,592.70000000,593.60000000,7171.48900000,1637478899999,4257479.44830000,8399,3569.01600000,2118964.92790000,0
1637478900.0,593.60000000,593.70000000,589.90000000,590.60000000,12195.94200000,1637479799999,7216427.14650000,11204,5555.35500000,3287265.68250000,0
1637479800.0,590.60000000,591.90000000,589.90000000,590.50000000,8636.76600000,1637480699999,5102825.88640000,9380,4621.08600000,2730115.62760000,0
1637480700.0,590.50000000,590.70000000,586.20000000,587.10000000,12732.37700000,1637481599999,7491285.15830000,12621,6846.73800000,4028172.35360000,0
1637481600.0,587.00000000,587.40000000,582.90000000,585.10000000,15133.86400000,1637482499999,8858720.42450000,13172,6587.58500000,3856525.01840000,0
1637482500.0,585.20000000,585.30000000,582.80000000,584.30000000,12146.29800000,1637483399999,7095309.04800000,9111,5835.26800000,3408783.48830000,0
1637483400.0,584.30000000,588.30000000,584.00000000,585.70000000,13412.09000000,1637484299999,7864402.38460000,10437,6651.87600000,3900572.64250000,0
1637484300.0,585.70000000,585.70000000,582.10000000,583.40000000,14145.18800000,1637485199999,8257503.71200000,9614,7151.28400000,4174910.36200000,0
1637485200.0,583.50000000,585.00000000,582.40000000,584.20000000,12793.49500000,1637486099999,7469456.76490000,10641,6089.63600000,3555545.95470000,0
1637486100.0,584.20000000,586.30000000,583.60000000,586.10000000,8397.46800000,1637486999999,4911253.84210000,9348,4390.47600000,2567858.25130000,0
1637487000.0,586.10000000,587.20000000,584.70000000,585.90000000,8453.22900000,1637487899999,4953487.14070000,8879,4203.14400000,2463123.34450000,0
1637487900.0,585.90000000,587.30000000,585.50000000,587.20000000,7077.87900000,1637488799999,4150475.22030000,7783,3789.43300000,2222254.12230000,0
1637488800.0,587.20000000,587.70000000,584.30000000,585.00000000,7243.42200000,1637489699999,4244657.44320000,8419,3687.11900000,2160393.99330000,0
1637489700.0,585.10000000,587.30000000,584.00000000,584.10000000,10042.23000000,1637490599999,5882996.44710000,9447,5396.84800000,3161865.34090000,0
1637490600.0,584.10000000,584.30000000,579.60000000,580.80000000,17551.41500000,1637491499999,10216447.75740000,14645,8253.18400000,4804748.50930000,0
1637491500.0,580.70000000,583.60000000,580.30000000,583.00000000,12251.04900000,1637492399999,7132233.67550000,10500,6463.12000000,3762135.58090000,0
1637492400.0,582.90000000,587.00000000,582.50000000,585.70000000,13589.19300000,1637493299999,7959012.44770000,8964,6545.80500000,3833889.96340000,0
1637493300.0,585.70000000,585.70000000,580.00000000,580.70000000,12857.84800000,1637494199999,7485717.86300000,9593,6227.32700000,3625785.85940000,0
1637494200.0,580.80000000,582.40000000,580.30000000,581.90000000,10860.39700000,1637495099999,6314899.48350000,7838,5532.71300000,3217034.33170000,0
1637495100.0,581.90000000,583.40000000,581.60000000,582.20000000,8538.31900000,1637495999999,4974314.38270000,6715,4051.56100000,2360704.91770000,0
1637496000.0,582.30000000,584.50000000,580.70000000,584.10000000,10750.27900000,1637496899999,6260477.77780000,7930,5830.56600000,3395687.80010000,0
1637496900.0,584.10000000,585.70000000,583.00000000,585.20000000,9140.72900000,1637497799999,5343154.42370000,7585,4869.85900000,2847041.12770000,0
1637497800.0,585.20000000,586.20000000,582.90000000,583.70000000,8741.72600000,1637498699999,5108227.99260000,7092,4140.23500000,2419400.91850000,0
1637498700.0,583.80000000,586.10000000,583.70000000,584.90000000,9751.90300000,1637499599999,5707462.02880000,7046,4925.80900000,2882904.02050000,0
1637499600.0,584.90000000,585.80000000,583.40000000,584.00000000,9636.79200000,1637500499999,5632889.32520000,8609,4613.91900000,2696945.22050000,0
1637500500.0,584.10000000,587.10000000,583.70000000,586.20000000,9196.28700000,1637501399999,5386636.76980000,8634,4689.09400000,2746714.52950000,0
1637501400.0,586.20000000,586.90000000,585.20000000,586.00000000,9426.44100000,1637502299999,5524990.29730000,9933,4952.73600000,2903040.87090000,0
1637502300.0,586.10000000,588.60000000,585.40000000,586.00000000,14917.09200000,1637503199999,8757766.23590000,11343,7408.00700000,4349377.18200000,0
1637503200.0,586.00000000,586.00000000,583.40000000,585.00000000,12613.62100000,1637504099999,7374261.10430000,14303,6253.19900000,3656141.61790000,0
1637504100.0,585.00000000,585.70000000,583.60000000,584.40000000,10678.23600000,1637504999999,6242265.95400000,12304,4962.27900000,2901126.87660000,0
1637505000.0,584.30000000,587.20000000,583.70000000,586.80000000,14536.22600000,1637505899999,8514020.36090000,13115,7629.42800000,4468724.98630000,0
1637505900.0,586.70000000,586.90000000,584.50000000,584.80000000,10321.35300000,1637506799999,6044801.45990000,12403,4932.99200000,2888869.54950000,0
1637506800.0,584.80000000,586.60000000,583.70000000,585.30000000,11620.78900000,1637507699999,6800738.92810000,9420,5664.83000000,3314985.26340000,0
1637507700.0,585.40000000,589.40000000,585.10000000,589.20000000,12592.69100000,1637508599999,7394773.43210000,9380,6425.01600000,3773350.43600000,0
1637508600.0,589.20000000,591.80000000,587.80000000,591.40000000,12543.57200000,1637509499999,7396204.73100000,11928,6636.73400000,3913613.79490000,0
1637509500.0,591.40000000,592.60000000,590.80000000,592.20000000,10787.18000000,1637510399999,6382974.05160000,8531,5907.62900000,3495835.03290000,0
1637510400.0,592.30000000,594.30000000,591.40000000,592.20000000,15548.34900000,1637511299999,9217629.98410000,14080,8720.35600000,5169763.76280000,0
1637511300.0,592.20000000,592.30000000,584.80000000,587.90000000,22548.41000000,1637512199999,13280092.20330000,16643,9688.91300000,5707509.09850000,0
1637512200.0,588.00000000,590.20000000,587.80000000,589.20000000,12611.78700000,1637513099999,7427975.43060000,11971,6133.87800000,3612462.94050000,0
1637513100.0,589.10000000,593.80000000,589.00000000,593.40000000,18744.27600000,1637513999999,11097907.02620000,14156,10091.15100000,5974651.57050000,0
1637514000.0,593.40000000,594.60000000,590.40000000,591.20000000,15709.51800000,1637514899999,9309696.27870000,10317,8001.36400000,4742598.62410000,0
1637514900.0,591.10000000,593.00000000,590.90000000,591.20000000,7596.10400000,1637515799999,4497151.93550000,7413,4202.99800000,2488243.53360000,0
1637515800.0,591.30000000,592.10000000,590.10000000,590.50000000,9632.45400000,1637516699999,5693823.20810000,7478,4310.15800000,2547623.64210000,0
1637516700.0,590.50000000,590.70000000,589.10000000,589.50000000,8793.93500000,1637517599999,5185472.71950000,7184,4169.57100000,2458649.36510000,0
1637517600.0,589.50000000,589.80000000,585.90000000,589.60000000,10674.39400000,1637518499999,6283224.60990000,9295,5067.74200000,2983698.64610000,0
1637518500.0,589.60000000,590.40000000,588.70000000,589.20000000,8640.97800000,1637519399999,5095253.40730000,7523,4017.09800000,2368616.55020000,0
1637519400.0,589.30000000,590.30000000,588.70000000,589.90000000,7960.82700000,1637520299999,4693720.56430000,7338,4060.91600000,2394348.17660000,0
1637520300.0,590.00000000,591.10000000,588.90000000,590.60000000,8355.17700000,1637521199999,4929112.00920000,7943,4114.52300000,2427437.49180000,0
1637521200.0,590.60000000,592.30000000,589.70000000,590.20000000,9514.88900000,1637522099999,5626234.97950000,8226,4279.78500000,2530415.81610000,0
1637522100.0,590.20000000,590.80000000,587.80000000,589.70000000,9209.83100000,1637522999999,5423998.30970000,7179,4943.46600000,2911442.27200000,0
1637523000.0,589.70000000,590.50000000,588.40000000,589.20000000,5811.91300000,1637523899999,3426456.72830000,6223,2559.62700000,1509104.61380000,0
1637523900.0,589.20000000,590.10000000,587.60000000,587.90000000,6970.49100000,1637524799999,4103767.04130000,7114,3097.16600000,1823605.45580000,0
1637524800.0,587.90000000,590.00000000,587.90000000,589.50000000,7413.85200000,1637525699999,4367594.56860000,7296,3696.96500000,2177973.24450000,0
1637525700.0,589.60000000,591.00000000,588.90000000,589.50000000,7055.58300000,1637526599999,4162295.94030000,7819,3277.39900000,1933306.99500000,0
1637526600.0,589.60000000,591.90000000,589.10000000,591.50000000,8480.92300000,1637527499999,5010377.30390000,8026,4456.34800000,2632640.94000000,0
1637527500.0,591.40000000,593.10000000,590.70000000,592.30000000,9324.80600000,1637528399999,5519154.01500000,8353,4291.52500000,2540343.20910000,0
1637528400.0,592.30000000,594.50000000,592.10000000,593.20000000,13512.04900000,1637529299999,8018016.70310000,8697,6811.72100000,4041772.89520000,0
1637529300.0,593.20000000,594.80000000,593.10000000,594.80000000,6726.33400000,1637530199999,3996110.90310000,6337,3167.27400000,1881730.83390000,0
1637530200.0,594.80000000,595.40000000,594.10000000,594.80000000,7385.26600000,1637531099999,4392753.68180000,6853,3907.17200000,2324020.18480000,0
1637531100.0,594.80000000,594.80000000,591.90000000,593.10000000,8075.77800000,1637531999999,4790944.39730000,6173,3998.94200000,2372020.39900000,0
1637532000.0,593.10000000,593.90000000,591.60000000,593.80000000,5449.95500000,1637532899999,3229827.33190000,5775,2755.79000000,1633192.01670000,0
1637532900.0,593.80000000,594.20000000,591.70000000,592.70000000,4980.99200000,1637533799999,2954382.14830000,5514,2293.24700000,1360077.57930000,0
1637533800.0,592.50000000,592.80000000,586.60000000,587.80000000,8865.17700000,1637534699999,5226882.80360000,8786,4005.07200000,2360482.11180000,0
1637534700.0,587.80000000,590.40000000,587.70000000,589.20000000,6899.93300000,1637535599999,4066497.72050000,6305,3412.56300000,2011356.25370000,0
1637535600.0,589.10000000,590.90000000,588.00000000,589.20000000,7403.14800000,1637536499999,4364924.67140000,5968,3401.96000000,2005580.70370000,0
1637536500.0,589.20000000,591.00000000,589.00000000,590.60000000,5916.95400000,1637537399999,3492583.61170000,4907,2842.59400000,1677968.42640000,0
1637537400.0,590.50000000,590.90000000,586.00000000,587.50000000,11358.30000000,1637538299999,6687879.13250000,6033,3965.59100000,2337122.67250000,0
1637538300.0,587.50000000,589.40000000,582.90000000,584.00000000,16302.44000000,1637539199999,9544832.58380000,10658,8149.94300000,4772041.44910000,0
1637539200.0,584.00000000,585.50000000,575.50000000,575.80000000,27272.59500000,1637540099999,15827576.62190000,17999,11992.47500000,6961733.27670000,0
1637540100.0,575.80000000,580.70000000,575.50000000,579.10000000,17173.23500000,1637540999999,9937080.32590000,9688,8255.21700000,4775866.02970000,0
1637541000.0,579.20000000,580.10000000,577.60000000,578.20000000,11785.94900000,1637541899999,6820126.52450000,6984,6002.26400000,3473268.68350000,0
1637541900.0,578.20000000,579.40000000,575.70000000,576.30000000,21141.77900000,1637542799999,12207852.26740000,7780,13100.17400000,7563621.87510000,0
1637542800.0,576.30000000,578.60000000,575.10000000,575.70000000,10611.99900000,1637543699999,6120191.52110000,7315,4950.04300000,2855149.01310000,0
1637543700.0,575.70000000,576.50000000,570.10000000,574.20000000,30150.15000000,1637544599999,17279703.16570000,15183,12788.09800000,7331174.59830000,0
1637544600.0,574.20000000,575.90000000,573.60000000,575.20000000,8788.47700000,1637545499999,5052384.97620000,6492,4052.48500000,2329704.41870000,0
1637545500.0,575.20000000,576.30000000,573.50000000,574.50000000,7290.20700000,1637546399999,4191182.12340000,5494,3601.03600000,2070368.72470000,0
1637546400.0,574.50000000,574.70000000,571.00000000,571.70000000,7664.86800000,1637547299999,4395106.48070000,6315,3216.68600000,1844814.88160000,0
1637547300.0,571.80000000,572.40000000,565.60000000,567.10000000,25473.12700000,1637548199999,14490457.09390000,13333,12792.48800000,7277382.86400000,0
1637548200.0,567.10000000,571.40000000,566.70000000,571.30000000,17070.36700000,1637549099999,9720737.46450000,8049,8049.67400000,4583747.36780000,0
1637549100.0,571.20000000,572.60000000,569.40000000,570.20000000,7229.33300000,1637549999999,4126955.07580000,5369,3388.54100000,1934311.98850000,0
1637550000.0,570.10000000,570.90000000,569.00000000,570.40000000,8657.21500000,1637550899999,4933353.89240000,5208,4278.16600000,2438165.67260000,0
1637550900.0,570.20000000,571.40000000,566.70000000,566.80000000,7903.54200000,1637551799999,4499107.31510000,5596,3785.84200000,2155620.51360000,0
1637551800.0,566.90000000,572.30000000,564.20000000,569.40000000,27868.80900000,1637552699999,15825364.09580000,13061,13401.09400000,7610464.18340000,0
1637552700.0,569.30000000,571.50000000,567.90000000,569.10000000,8955.31600000,1637553599999,5099725.01910000,5569,4249.44500000,2419735.69710000,0
1637553600.0,569.10000000,571.50000000,566.60000000,571.20000000,9746.04800000,1637554499999,5547914.14490000,6281,4596.09700000,2616597.59360000,0
1637554500.0,571.20000000,571.70000000,568.90000000,570.40000000,7139.05900000,1637555399999,4071112.61580000,5163,3707.63100000,2114698.29640000,0
1637555400.0,570.40000000,570.70000000,568.30000000,569.10000000,7496.45000000,1637556299999,4268981.55630000,5292,4026.55400000,2293148.86430000,0
1637556300.0,569.10000000,570.30000000,566.50000000,566.90000000,11692.61500000,1637557199999,6645984.65610000,6320,5542.68700000,3150023.96080000,0
1637557200.0,567.00000000,567.60000000,561.10000000,564.00000000,20716.98500000,1637558099999,11681044.98640000,12052,10370.54400000,5847133.45990000,0
1637558100.0,563.90000000,566.10000000,563.30000000,564.40000000,10289.47400000,1637558999999,5810324.17970000,7284,5127.07000000,2895381.81450000,0
1637559000.0,564.50000000,567.50000000,564.10000000,566.10000000,9722.00200000,1637559899999,5503622.72070000,6573,5135.93000000,2907523.58080000,0
1637559900.0,566.20000000,569.20000000,566.10000000,569.10000000,10825.91100000,1637560799999,6150923.51530000,6867,5520.86200000,3136674.49230000,0
1637560800.0,569.10000000,569.20000000,566.50000000,567.70000000,10439.51800000,1637561699999,5924150.28450000,6799,5765.04500000,3271347.64330000,0
1637561700.0,567.60000000,567.90000000,565.80000000,566.00000000,6178.19000000,1637562599999,3502710.10880000,5390,3181.78700000,1803927.63170000,0
1637562600.0,566.00000000,569.30000000,565.80000000,567.40000000,8441.00200000,1637563499999,4793176.03830000,5729,4413.17800000,2506092.31930000,0
1637563500.0,567.40000000,568.10000000,565.60000000,566.90000000,8304.51500000,1637564399999,4709308.61470000,5704,3474.98400000,1970659.34110000,0
1637564400.0,566.90000000,571.30000000,566.50000000,570.20000000,14325.06200000,1637565299999,8161213.20440000,8868,7863.12400000,4480517.56280000,0
1637565300.0,570.20000000,572.30000000,569.60000000,572.20000000,8885.18100000,1637566199999,5070921.47020000,6549,4667.99000000,2664231.45260000,0
1637566200.0,572.20000000,572.30000000,567.60000000,567.70000000,10879.37400000,1637567099999,6196999.47260000,7501,5239.47900000,2984787.21820000,0
1637567100.0,567.70000000,569.20000000,567.00000000,568.00000000,8018.77800000,1637567999999,4555446.20190000,6294,3891.73000000,2210881.34520000,0
1637568000.0,568.10000000,571.00000000,568.00000000,570.70000000,8958.96700000,1637568899999,5105627.85730000,6832,4986.30100000,2841649.63380000,0
1637568900.0,570.60000000,572.30000000,570.00000000,572.30000000,6756.58800000,1637569799999,3858144.28270000,5364,3401.36800000,1942560.86070000,0
1637569800.0,572.20000000,572.40000000,570.10000000,571.50000000,7974.84100000,1637570699999,4554583.62270000,5523,3731.28400000,2131020.73000000,0
1637570700.0,571.40000000,572.00000000,569.90000000,570.70000000,6902.62600000,1637571599999,3940041.23850000,5455,3177.68400000,1813908.58890000,0
1637571600.0,570.70000000,575.00000000,570.60000000,574.10000000,12503.38500000,1637572499999,7164732.74150000,8069,6841.30000000,3920132.52790000,0
1637572500.0,574.10000000,574.20000000,572.10000000,572.70000000,9823.25200000,1637573399999,5627898.03870000,6728,4912.06400000,2814037.95120000,0
1637573400.0,572.70000000,574.70000000,571.20000000,571.50000000,11123.41000000,1637574299999,6368207.15960000,6682,5092.91100000,2916257.69970000,0
1637574300.0,571.40000000,572.50000000,569.20000000,569.30000000,8877.95700000,1637575199999,5068865.37940000,6485,4288.00100000,2448610.96610000,0
1637575200.0,569.30000000,572.00000000,567.70000000,572.00000000,10362.47700000,1637576099999,5904604.69320000,7886,5511.18800000,3140670.13750000,0
1637576100.0,572.00000000,573.10000000,571.10000000,571.40000000,9412.96700000,1637576999999,5383401.81960000,7215,4402.50400000,2518132.81990000,0
1637577000.0,571.30000000,572.70000000,570.90000000,571.70000000,7180.27400000,1637577899999,4105776.29630000,6163,3448.92100000,1972296.21170000,0
1637577900.0,571.80000000,573.80000000,571.20000000,573.70000000,6903.16300000,1637578799999,3952538.18620000,6568,3237.81200000,1853941.04860000,0
1637578800.0,573.70000000,574.50000000,572.10000000,574.00000000,9438.40000000,1637579699999,5410708.78260000,7689,5067.13500000,2905119.11600000,0
1637579700.0,574.10000000,574.40000000,572.10000000,572.90000000,7722.36000000,1637580599999,4426904.97120000,6447,3956.26400000,2268103.54260000,0
1637580600.0,572.90000000,573.10000000,571.20000000,572.10000000,7962.16400000,1637581499999,4555111.52920000,6655,3785.73400000,2165866.76730000,0
1637581500.0,572.10000000,573.70000000,570.70000000,571.00000000,6461.64700000,1637582399999,3697302.30180000,6491,3399.40700000,1945299.03540000,0
1637582400.0,571.00000000,571.50000000,568.50000000,569.10000000,11124.01900000,1637583299999,6345916.93610000,9874,4945.94200000,2821791.11540000,0
1637583300.0,569.10000000,573.70000000,568.40000000,573.60000000,13525.20300000,1637584199999,7717761.65080000,8115,7381.03500000,4213354.56300000,0
1637584200.0,573.60000000,576.80000000,572.10000000,574.40000000,17025.43900000,1637585099999,9777062.33260000,10884,9497.23900000,5454196.85950000,0
1637585100.0,574.40000000,574.50000000,570.00000000,571.90000000,11777.01200000,1637585999999,6731509.08300000,7839,5500.74000000,3144539.08300000,0
1637586000.0,572.00000000,572.60000000,567.00000000,567.30000000,11073.95800000,1637586899999,6308081.71430000,8586,4855.73300000,2766441.60970000,0
1637586900.0,567.30000000,571.10000000,565.30000000,571.00000000,15858.99800000,1637587799999,9003696.11840000,10575,7738.50600000,4394370.88840000,0
1637587800.0,571.00000000,584.30000000,570.50000000,582.40000000,45158.63800000,1637588699999,26167584.62400000,23336,25073.07500000,14526265.40130000,0
1637588700.0,582.40000000,583.90000000,578.40000000,581.00000000,19033.45900000,1637589599999,11058632.65090000,11046,9375.55700000,5448015.94020000,0
1637589600.0,581.00000000,584.00000000,580.90000000,582.20000000,14372.01500000,1637590499999,8372149.71920000,9493,7217.82600000,4204748.14030000,0
1637590500.0,582.20000000,582.30000000,577.00000000,577.80000000,17964.56000000,1637591399999,10402591.30300000,9751,8354.57200000,4837997.08690000,0
