1636531200.0,644.20000000,650.00000000,644.10000000,647.90000000,35524.65700000,1636532099999,23004437.87570000,23875,17937.60400000,11616278.71230000,0
1636532100.0,648.00000000,649.20000000,646.30000000,648.10000000,23201.45400000,1636532999999,15035466.22440000,10100,11328.17600000,7341135.27120000,0
1636533000.0,648.10000000,648.90000000,645.40000000,645.60000000,14090.40200000,1636533899999,9117995.87840000,10049,7046.01700000,4559447.38730000,0
1636533900.0,645.60000000,646.50000000,643.60000000,644.50000000,10787.34700000,1636534799999,6959698.96190000,10486,5633.08400000,3634522.73870000,0
1636534800.0,644.60000000,648.10000000,644.50000000,645.60000000,10790.17800000,1636535699999,6975657.97860000,9166,5467.87000000,3534701.81030000,0
1636535700.0,645.60000000,645.70000000,641.90000000,645.00000000,16327.27000000,1636536599999,10513149.11130000,9682,8463.79200000,5449330.89630000,0
1636536600.0,645.00000000,648.90000000,645.00000000,647.00000000,12152.40700000,1636537499999,7864209.16930000,8934,6258.23500000,4049990.29100000,0
1636537500.0,647.10000000,647.60000000,645.50000000,646.70000000,7785.40700000,1636538399999,5033825.80090000,7476,3574.89300000,2311523.80910000,0
1636538400.0,646.80000000,650.00000000,646.20000000,649.90000000,14726.73000000,1636539299999,9547200.72640000,11005,8645.77200000,5606429.47760000,0
1636539300.0,649.80000000,652.40000000,649.20000000,651.50000000,18511.93600000,1636540199999,12052666.75420000,16154,10669.26800000,6946841.82160000,0
1636540200.0,651.50000000,654.10000000,650.30000000,651.90000000,14023.53700000,1636541099999,9143330.57860000,13170,7903.37600000,5153979.74940000,0
1636541100.0,651.90000000,652.40000000,650.60000000,651.90000000,10992.21600000,1636541999999,7161486.52480000,8964,5166.31300000,3366047.94910000,0
1636542000.0,651.90000000,652.90000000,651.20000000,652.90000000,9483.95100000,1636542899999,6184993.36810000,10924,5296.57900000,3454397.12370000,0
1636542900.0,652.90000000,653.20000000,648.70000000,649.90000000,12413.47700000,1636543799999,8081903.52040000,13686,5559.44600000,3619897.95060000,0
1636543800.0,650.00000000,652.50000000,649.80000000,651.90000000,10379.72200000,1636544699999,6760609.05550000,11910,5355.40700000,3488036.20120000,0
1636544700.0,651.90000000,655.70000000,651.90000000,655.20000000,19859.05800000,1636545599999,12992015.54270000,20124,10867.24200000,7110272.54860000,0
1636545600.0,655.30000000,655.60000000,651.60000000,654.50000000,19868.64600000,1636546499999,12998260.58650000,15912,8229.52000000,5382892.02120000,0
1636546500.0,654.60000000,655.00000000,650.30000000,650.70000000,12553.42800000,1636547399999,8189181.70880000,13380,5904.39500000,3851769.82090000,0
1636547400.0,650.80000000,653.10000000,650.50000000,652.60000000,9985.86800000,1636548299999,6512949.58520000,12582,4939.15600000,3221381.68970000,0
1636548300.0,652.60000000,652.70000000,645.70000000,647.80000000,17939.16800000,1636549199999,11635932.97930000,17814,7648.17800000,4960236.08020000,0
1636549200.0,647.80000000,652.30000000,647.60000000,651.70000000,13771.46200000,1636550099999,8949232.34900000,17160,6949.91400000,4516668.45630000,0
1636550100.0,651.70000000,652.20000000,649.50000000,649.90000000,10921.55200000,1636550999999,7112136.39520000,15576,5266.91900000,3430099.25920000,0
1636551000.0,649.80000000,655.00000000,647.70000000,653.90000000,28615.29400000,1636551899999,18671032.39330000,22274,15273.01300000,9965750.99220000,0
1636551900.0,653.90000000,659.90000000,651.60000000,659.50000000,29597.93200000,1636552799999,19414519.37220000,28920,16423.33100000,10772020.93770000,0
1636552800.0,659.60000000,662.90000000,659.40000000,660.90000000,34941.63100000,1636553699999,23087816.64400000,39554,19154.63000000,12656925.71820000,0
1636553700.0,661.00000000,661.80000000,655.10000000,655.70000000,32051.79400000,1636554599999,21105693.74430000,23229,16149.08700000,10635184.26920000,0
1636554600.0,655.70000000,656.30000000,653.00000000,654.40000000,20632.23300000,1636555499999,13506318.07180000,18669,9971.03900000,6527523.27740000,0
1636555500.0,654.40000000,654.90000000,652.10000000,654.50000000,15345.30200000,1636556399999,10031254.66160000,16778,7704.45000000,5036724.53490000,0
1636556400.0,654.50000000,657.60000000,654.40000000,655.10000000,21173.09600000,1636557299999,13894526.37630000,19192,9102.34300000,5972629.29130000,0
1636557300.0,655.00000000,655.20000000,651.20000000,651.50000000,18519.74000000,1636558199999,12095220.26470000,19290,8333.44900000,5443350.25130000,0
1636558200.0,651.50000000,651.50000000,648.50000000,649.00000000,21483.13000000,1636559099999,13953276.06050000,24031,10258.08900000,6662831.28480000,0
1636559100.0,649.00000000,651.30000000,648.40000000,650.90000000,15355.90700000,1636559999999,9978057.23670000,17893,7613.27200000,4947634.87250000,0
1636560000.0,650.90000000,651.60000000,649.00000000,649.10000000,17232.57700000,1636560899999,11206106.98920000,17187,7956.40200000,5173822.30620000,0
1636560900.0,649.10000000,649.70000000,646.20000000,646.80000000,15823.08600000,1636561799999,10262762.20990000,18386,7275.84200000,4719977.09520000,0
1636561800.0,646.80000000,647.70000000,644.00000000,645.60000000,18712.57100000,1636562699999,12083011.96200000,20967,9205.98700000,5945269.12260000,0
1636562700.0,645.70000000,648.30000000,645.30000000,647.90000000,14456.21500000,1636563599999,9356438.84870000,14881,7316.05300000,4735407.97210000,0
1636563600.0,647.90000000,648.80000000,646.80000000,647.90000000,13245.17400000,1636564499999,8583106.61550000,11713,6256.45500000,4054620.92480000,0
1636564500.0,647.90000000,648.00000000,645.20000000,645.60000000,13348.06300000,1636565399999,8628163.37230000,12060,6259.76200000,4046614.66270000,0
1636565400.0,645.70000000,646.20000000,642.10000000,643.60000000,18737.14800000,1636566299999,12082201.01120000,15045,8067.79700000,5203440.34530000,0
1636566300.0,643.70000000,645.10000000,640.60000000,644.90000000,11559.09300000,1636567199999,7435690.58930000,13471,5810.85500000,3738728.49840000,0
1636567200.0,644.90000000,645.00000000,643.00000000,644.50000000,9751.19500000,1636568099999,6281033.12920000,10862,4899.07600000,3155879.17420000,0
1636568100.0,644.40000000,644.70000000,642.20000000,643.60000000,10082.73900000,1636568999999,6486292.20000000,10407,5619.62800000,3614925.47690000,0
1636569000.0,643.50000000,645.10000000,642.80000000,643.50000000,8883.89400000,1636569899999,5723154.42000000,9810,4162.61100000,2681611.86370000,0
1636569900.0,643.50000000,644.70000000,641.20000000,642.90000000,10061.68000000,1636570799999,6468013.66310000,10310,5215.92100000,3353424.57320000,0
1636570800.0,642.90000000,647.90000000,642.80000000,647.80000000,17792.86300000,1636571699999,11492822.56280000,14195,9059.74400000,5851921.79090000,0
1636571700.0,647.80000000,649.00000000,643.90000000,645.40000000,17605.94600000,1636572599999,11400514.14330000,14095,7479.79200000,4844801.52950000,0
1636572600.0,645.40000000,652.00000000,640.00000000,640.30000000,27969.16300000,1636573499999,18010493.51000000,19254,13291.23600000,8570484.37110000,0
1636573500.0,640.40000000,641.80000000,631.50000000,632.30000000,30357.68800000,1636574399999,19335852.70040000,29171,12394.39400000,7896688.05630000,0
1636574400.0,632.30000000,635.00000000,625.10000000,631.50000000,49480.51800000,1636575299999,31184108.94440000,39838,21954.20700000,13839103.89110000,0
1636575300.0,631.50000000,639.80000000,630.00000000,637.50000000,19058.12000000,1636576199999,12133115.19940000,18699,9455.88800000,6018159.90830000,0
1636576200.0,637.50000000,639.70000000,632.50000000,632.60000000,18196.45200000,1636577099999,11574792.84380000,14850,9068.89600000,5769231.83310000,0
1636577100.0,632.60000000,635.30000000,607.10000000,619.80000000,97778.71300000,1636577999999,60573353.37180000,62352,44190.10900000,27387254.20110000,0
1636578000.0,619.60000000,621.00000000,614.60000000,615.70000000,30597.02800000,1636578899999,18897795.84060000,24393,14549.72400000,8986162.05300000,0
1636578900.0,615.80000000,615.90000000,573.00000000,595.70000000,161844.04800000,1636579799999,95877361.72610000,108355,70624.54100000,41804229.39200000,0
1636579800.0,595.50000000,606.10000000,585.60000000,604.10000000,79409.28400000,1636580699999,47632116.81120000,49375,39269.93600000,23558623.41520000,0
1636580700.0,604.10000000,604.20000000,593.00000000,595.40000000,51210.53900000,1636581599999,30674631.65590000,30783,24320.47400000,14566811.99250000,0
1636581600.0,595.50000000,605.30000000,588.20000000,603.60000000,43428.88000000,1636582499999,25955745.51270000,34824,22397.60600000,13390093.53040000,0
1636582500.0,603.50000000,604.10000000,599.40000000,600.20000000,18715.19400000,1636583399999,11249597.78340000,21116,8875.24500000,5334417.88740000,0
1636583400.0,600.40000000,608.00000000,597.00000000,606.90000000,20666.47400000,1636584299999,12472163.71070000,21440,11028.24600000,6659276.32650000,0
1636584300.0,606.90000000,610.80000000,603.30000000,610.00000000,16591.14200000,1636585199999,10074669.61260000,18075,7284.99000000,4425709.22300000,0
1636585200.0,609.90000000,610.00000000,605.30000000,607.10000000,13743.99300000,1636586099999,8342478.33510000,15380,7179.91200000,4357696.95790000,0
1636586100.0,607.00000000,607.00000000,601.90000000,604.90000000,26432.14300000,1636586999999,15968934.37380000,17640,11532.62600000,6967194.67300000,0
1636587000.0,604.90000000,609.10000000,603.00000000,608.10000000,15302.63700000,1636587899999,9279711.31300000,15284,7027.66300000,4261572.00220000,0
1636587900.0,608.20000000,615.60000000,607.20000000,614.10000000,20470.92400000,1636588799999,12534391.86190000,18908,10578.18500000,6476126.15940000,0
1636588800.0,614.20000000,615.00000000,608.20000000,611.80000000,39632.75400000,1636589699999,24262626.51970000,24288,20328.68200000,12444970.64940000,0
1636589700.0,611.70000000,613.20000000,606.80000000,610.90000000,15145.46000000,1636590599999,9232797.35180000,15625,7447.69600000,4540574.47630000,0
1636590600.0,610.90000000,612.40000000,608.20000000,611.30000000,10809.12600000,1636591499999,6599659.17090000,13093,5554.05900000,3391387.31980000,0
1636591500.0,611.30000000,619.70000000,611.10000000,619.50000000,17186.40500000,1636592399999,10594340.57090000,17980,9284.52600000,5723292.13920000,0
1636592400.0,619.60000000,620.60000000,617.00000000,617.30000000,14157.73700000,1636593299999,8763554.77350000,12126,6811.54000000,4216881.54360000,0
1636593300.0,617.30000000,618.00000000,612.40000000,612.60000000,18284.99100000,1636594199999,11241533.42760000,11312,10435.97700000,6415093.83580000,0
1636594200.0,612.60000000,613.50000000,610.00000000,612.50000000,12070.30100000,1636595099999,7383499.84400000,9555,6732.29100000,4118470.99120000,0
1636595100.0,612.40000000,616.50000000,612.30000000,615.30000000,11325.42700000,1636595999999,6961383.22440000,8338,5474.63500000,3365251.25710000,0
1636596000.0,615.40000000,615.40000000,610.30000000,610.60000000,11370.62700000,1636596899999,6956738.36060000,8992,5342.34700000,3267831.38950000,0
1636596900.0,610.60000000,613.80000000,606.60000000,607.10000000,18007.95500000,1636597799999,10989734.32050000,10812,9215.51500000,5624584.58000000,0
1636597800.0,607.10000000,609.20000000,605.70000000,608.20000000,10772.78200000,1636598699999,6541805.96760000,8439,5833.26500000,3542816.20570000,0
1636598700.0,608.10000000,612.70000000,607.40000000,612.60000000,10591.71800000,1636599599999,6467962.27360000,7547,5341.69300000,3261098.51220000,0
1636599600.0,612.60000000,612.90000000,611.10000000,612.70000000,7043.98000000,1636600499999,4309917.58130000,6377,3494.86900000,2138412.76160000,0
1636600500.0,612.60000000,617.00000000,612.30000000,616.90000000,13993.88500000,1636601399999,8610629.28190000,9683,7385.83700000,4544753.54140000,0
1636601400.0,617.00000000,617.00000000,613.70000000,615.60000000,16893.44900000,1636602299999,10395663.38120000,9165,8882.01700000,5464981.15750000,0
1636602300.0,615.60000000,617.80000000,615.20000000,616.80000000,17185.28900000,1636603199999,10596990.12250000,9003,8362.61600000,5156728.33190000,0
1636603200.0,616.70000000,616.90000000,614.70000000,615.50000000,8503.85100000,1636604099999,5236126.84000000,7099,4493.34900000,2766817.06870000,0
1636604100.0,615.50000000,616.50000000,614.20000000,615.20000000,7178.41500000,1636604999999,4415548.62230000,6758,3791.40000000,2332045.25780000,0
1636605000.0,615.20000000,616.50000000,614.10000000,614.70000000,6499.70900000,1636605899999,3998577.71320000,6871,3163.61800000,1946539.88100000,0
1636605900.0,614.80000000,616.50000000,613.30000000,616.20000000,8309.78000000,1636606799999,5109956.63540000,7218,3791.14200000,2331734.15680000,0
1636606800.0,616.30000000,620.00000000,616.20000000,619.90000000,10553.56700000,1636607699999,6530394.17110000,11136,5407.37900000,3346386.75230000,0
1636607700.0,619.90000000,622.90000000,618.90000000,622.10000000,12926.32100000,1636608599999,8026281.62760000,13256,6632.45500000,4118056.64970000,0
1636608600.0,622.10000000,622.40000000,620.10000000,620.70000000,7616.80000000,1636609499999,4731079.85030000,9332,3668.95000000,2278905.60250000,0
1636609500.0,620.70000000,624.50000000,620.30000000,624.20000000,8732.85500000,1636610399999,5436314.43620000,10170,4677.63400000,2912037.86730000,0
1636610400.0,624.10000000,624.90000000,623.30000000,624.70000000,10865.42300000,1636611299999,6783519.18610000,10730,5097.45000000,3182619.72190000,0
1636611300.0,624.80000000,625.20000000,621.80000000,624.20000000,11594.82600000,1636612199999,7231313.63670000,11487,5796.74600000,3614872.79810000,0
1636612200.0,624.30000000,627.60000000,624.10000000,627.40000000,9746.57000000,1636613099999,6103300.97350000,12239,4886.44400000,3059776.13640000,0
1636613100.0,627.50000000,629.50000000,626.20000000,629.20000000,9878.91800000,1636613999999,6203853.36900000,13510,5380.46600000,3379145.68940000,0
1636614000.0,629.30000000,629.60000000,627.80000000,629.10000000,9274.27800000,1636614899999,5833496.53750000,11777,5107.73900000,3213016.32270000,0
1636614900.0,629.10000000,630.80000000,625.90000000,627.30000000,17530.46700000,1636615799999,11022827.02460000,15043,8477.90700000,5331017.56110000,0
1636615800.0,627.30000000,630.20000000,625.50000000,629.90000000,7468.39800000,1636616699999,4692806.60180000,10692,3781.09900000,2376372.58000000,0
1636616700.0,630.00000000,631.80000000,629.40000000,630.50000000,10365.30000000,1636617599999,6535922.57100000,12637,5366.41000000,3384061.90390000,0
1636617600.0,630.40000000,631.50000000,625.60000000,626.30000000,14049.46000000,1636618499999,8833827.67820000,12484,6812.13200000,4283432.74530000,0
1636618500.0,626.20000000,628.70000000,623.60000000,624.50000000,13081.98300000,1636619399999,8189386.78160000,12330,5417.06700000,3392704.70960000,0
1636619400.0,624.50000000,627.20000000,622.70000000,627.00000000,15124.13800000,1636620299999,9451725.17420000,12787,8177.59200000,5109457.15510000,0
1636620300.0,627.00000000,632.30000000,626.10000000,632.10000000,13783.35900000,1636621199999,8673957.38540000,12958,7736.40700000,4869340.54130000,0
1636621200.0,632.10000000,633.80000000,630.10000000,632.00000000,22296.05400000,1636622099999,14106341.67160000,15943,10793.31600000,6828185.96900000,0
1636622100.0,632.10000000,633.90000000,630.20000000,633.40000000,14586.21800000,1636622999999,9230250.04690000,12746,7493.61200000,4742363.80630000,0
1636623000.0,633.50000000,635.20000000,631.00000000,631.10000000,15092.10100000,1636623899999,9554265.11700000,15258,7400.30700000,4685540.72540000,0
1636623900.0,631.00000000,632.50000000,630.80000000,631.00000000,10376.98400000,1636624799999,6554136.39560000,11352,5408.46400000,3416104.85020000,0
1636624800.0,631.00000000,632.50000000,630.70000000,631.10000000,9584.82700000,1636625699999,6053786.16470000,8829,5098.10100000,3220033.97700000,0
1636625700.0,631.10000000,631.10000000,629.50000000,630.30000000,10110.72300000,1636626599999,6373907.46070000,8677,5492.84400000,3463180.91290000,0
1636626600.0,630.20000000,630.90000000,627.60000000,630.60000000,9270.39100000,1636627499999,5831681.29570000,9304,4541.70300000,2857220.54880000,0
1636627500.0,630.50000000,630.80000000,628.30000000,629.20000000,7621.15600000,1636628399999,4795151.40570000,8055,4151.04800000,2611710.24710000,0
1636628400.0,629.20000000,630.30000000,628.00000000,630.00000000,8585.92200000,1636629299999,5399858.12000000,9001,4488.13200000,2823082.27090000,0
1636629300.0,630.00000000,631.40000000,628.80000000,630.60000000,10605.82600000,1636630199999,6686281.07220000,9556,5317.13000000,3352332.38720000,0
1636630200.0,630.70000000,632.00000000,628.20000000,628.20000000,11295.66000000,1636631099999,7117187.72660000,9435,5682.22800000,3580873.59250000,0
1636631100.0,628.30000000,630.10000000,626.90000000,630.10000000,10182.02600000,1636631999999,6400799.70990000,9799,4712.42200000,2963339.71390000,0
1636632000.0,630.10000000,632.30000000,625.00000000,625.30000000,11104.86000000,1636632899999,6982497.32670000,12386,5331.23000000,3353689.22920000,0
1636632900.0,625.30000000,627.50000000,622.90000000,623.60000000,13125.27300000,1636633799999,8209277.07270000,12022,6314.60100000,3949951.72100000,0
1636633800.0,623.60000000,624.20000000,619.30000000,622.10000000,17865.21700000,1636634699999,11107410.64430000,14977,8374.48200000,5207110.96540000,0
1636634700.0,622.20000000,624.00000000,620.90000000,624.00000000,11273.62100000,1636635599999,7017338.76510000,9323,5844.37000000,3638537.69000000,0
1636635600.0,624.00000000,626.00000000,620.20000000,622.20000000,17843.01900000,1636636499999,11127643.19010000,12707,8915.03900000,5561136.58600000,0
1636636500.0,622.20000000,625.70000000,621.40000000,625.50000000,9422.70200000,1636637399999,5874837.93030000,10253,4600.49400000,2868947.61710000,0
1636637400.0,625.50000000,625.70000000,622.40000000,624.70000000,7941.58000000,1636638299999,4957382.83280000,9907,3683.29400000,2299200.65090000,0
1636638300.0,624.60000000,626.90000000,621.80000000,623.90000000,13343.56500000,1636639199999,8332173.49510000,11432,6698.98900000,4184249.67100000,0
1636639200.0,624.00000000,626.40000000,618.30000000,619.30000000,16132.35600000,1636640099999,10043319.31900000,12237,7785.07000000,4846823.00190000,0
1636640100.0,619.40000000,624.20000000,618.70000000,622.30000000,9655.06600000,1636640999999,6005759.02400000,9419,5172.87800000,3216091.06190000,0
1636641000.0,622.20000000,629.20000000,620.80000000,627.70000000,13011.67000000,1636641899999,8145438.08960000,11716,7352.54300000,4603389.66560000,0
1636641900.0,627.80000000,629.30000000,625.90000000,625.90000000,9895.85500000,1636642799999,6214237.67600000,9343,5171.10100000,3247900.74410000,0
1636642800.0,626.00000000,628.30000000,624.20000000,627.70000000,12350.77100000,1636643699999,7732888.97750000,10056,6965.97400000,4361369.28610000,0
1636643700.0,627.70000000,628.20000000,624.90000000,625.10000000,13167.97100000,1636644599999,8248837.12690000,9335,7447.82300000,4665837.99970000,0
1636644600.0,625.10000000,626.00000000,623.20000000,625.50000000,8343.06500000,1636645499999,5211642.80530000,8648,4083.10800000,2550577.31170000,0
1636645500.0,625.50000000,626.10000000,623.80000000,624.90000000,6832.05700000,1636646399999,4270879.51360000,7796,3578.02600000,2236827.18870000,0
1636646400.0,625.00000000,626.00000000,622.60000000,625.80000000,9067.98300000,1636647299999,5661040.05140000,9163,4379.89400000,2734668.34540000,0
1636647300.0,625.80000000,627.60000000,624.80000000,627.40000000,8266.33800000,1636648199999,5177788.62160000,9001,4210.73900000,2637755.21620000,0
1636648200.0,627.40000000,629.30000000,627.30000000,628.00000000,10902.26200000,1636649099999,6851346.44730000,9837,5798.25600000,3643746.56190000,0
1636649100.0,628.10000000,629.10000000,628.00000000,628.80000000,5796.90300000,1636649999999,3644671.54300000,7303,3390.42000000,2131746.65180000,0
1636650000.0,628.90000000,629.90000000,628.50000000,628.90000000,7326.15000000,1636650899999,4609719.13660000,8096,4207.43100000,2647445.33560000,0
1636650900.0,629.00000000,629.80000000,627.60000000,627.90000000,6444.08000000,1636651799999,4052132.37110000,7623,3239.40200000,2037057.55200000,0
1636651800.0,627.90000000,629.20000000,627.10000000,628.70000000,5679.02600000,1636652699999,3567387.16360000,6842,2991.88300000,1879548.79210000,0
1636652700.0,628.70000000,629.50000000,625.90000000,626.50000000,6069.44800000,1636653599999,3808936.91150000,6970,2885.72200000,1810941.04020000,0
1636653600.0,626.50000000,627.90000000,625.00000000,626.20000000,7291.53800000,1636654499999,4566810.66140000,8857,3647.80100000,2284857.60450000,0
1636654500.0,626.10000000,626.60000000,623.40000000,623.50000000,7374.95200000,1636655399999,4610803.22730000,9234,3407.31800000,2130624.49340000,0
1636655400.0,623.60000000,625.30000000,623.30000000,624.60000000,7882.83400000,1636656299999,4919808.17620000,8511,3943.58000000,2461357.81130000,0
1636656300.0,624.60000000,626.80000000,624.50000000,625.40000000,5193.22100000,1636657199999,3249595.94490000,7910,2657.93000000,1663211.56650000,0
1636657200.0,625.40000000,628.50000000,625.20000000,627.90000000,7711.59100000,1636658099999,4839755.03160000,8669,3958.64000000,2484483.72490000,0
1636658100.0,628.00000000,628.20000000,626.20000000,626.70000000,6228.65200000,1636658999999,3903815.40980000,8306,3088.68700000,1935927.03030000,0
1636659000.0,626.80000000,629.30000000,626.70000000,628.70000000,5847.10800000,1636659899999,3674345.97940000,8427,3426.48500000,2153223.39790000,0
1636659900.0,628.80000000,629.50000000,628.00000000,629.00000000,4683.20500000,1636660799999,2945715.76810000,7722,2593.83400000,1631697.82580000,0
1636660800.0,629.00000000,629.80000000,628.50000000,629.10000000,5394.52200000,1636661699999,3394063.58150000,8239,2779.37300000,1748798.16620000,0
1636661700.0,629.20000000,629.30000000,627.40000000,628.20000000,4995.47500000,1636662599999,3138093.38190000,8091,2191.43000000,1376721.13520000,0
1636662600.0,628.20000000,628.20000000,627.10000000,627.40000000,4196.65600000,1636663499999,2633533.65350000,7123,1738.57700000,1091037.37970000,0
1636663500.0,627.50000000,629.50000000,626.60000000,627.20000000,5155.00100000,1636664399999,3238202.67040000,8089,2741.19300000,1721925.50870000,0
1636664400.0,627.20000000,628.60000000,626.40000000,628.10000000,6539.93600000,1636665299999,4103298.64330000,9128,3420.47500000,2146047.53220000,0
1636665300.0,628.10000000,631.90000000,628.10000000,630.50000000,12570.42500000,1636666199999,7924737.54110000,12394,7173.37600000,4521562.53910000,0
1636666200.0,630.60000000,634.10000000,629.60000000,633.00000000,20208.50800000,1636667099999,12785213.99380000,14076,9663.99300000,6112271.40900000,0
1636667100.0,633.00000000,633.30000000,631.40000000,632.20000000,6732.49000000,1636667999999,4259207.27030000,9644,3279.85200000,2074921.94110000,0
1636668000.0,632.30000000,632.40000000,630.90000000,632.10000000,4515.19300000,1636668899999,2851808.54370000,6696,2319.08600000,1464859.12790000,0
1636668900.0,632.00000000,633.50000000,629.60000000,630.20000000,11549.08600000,1636669799999,7295165.68820000,8469,6720.16000000,4242959.91980000,0
1636669800.0,630.20000000,632.00000000,628.90000000,631.90000000,5462.26400000,1636670699999,3444138.91200000,6875,2865.39000000,1806568.80990000,0
1636670700.0,631.80000000,633.20000000,631.70000000,632.40000000,4793.98200000,1636671599999,3032485.52850000,6270,2325.21600000,1470918.74570000,0
1636671600.0,632.40000000,633.30000000,630.70000000,631.60000000,6187.89600000,1636672499999,3912928.01010000,6815,3481.15800000,2201423.91930000,0
1636672500.0,631.60000000,632.00000000,630.50000000,631.60000000,5079.45700000,1636673399999,3207501.28290000,5096,2834.25200000,1789688.27270000,0
1636673400.0,631.60000000,631.70000000,628.00000000,628.30000000,9399.89200000,1636674299999,5914545.99430000,7188,4291.94200000,2700587.89700000,0
1636674300.0,628.40000000,630.20000000,628.00000000,628.40000000,6722.03500000,1636675199999,4228626.38650000,5851,2993.87900000,1883427.85360000,0
1636675200.0,628.40000000,630.90000000,626.50000000,629.40000000,10329.73800000,1636676099999,6498181.55010000,9254,5108.50000000,3213648.21240000,0
1636676100.0,629.40000000,633.40000000,628.90000000,633.00000000,12824.00000000,1636676999999,8101690.30160000,8373,6076.19500000,3838854.68190000,0
1636677000.0,633.00000000,633.00000000,629.60000000,632.50000000,10050.56200000,1636677899999,6347337.44750000,6722,6189.06500000,3908830.72890000,0
1636677900.0,632.50000000,633.00000000,631.50000000,631.70000000,10572.47600000,1636678799999,6684210.88940000,6071,3758.23100000,2376178.11120000,0
1636678800.0,631.80000000,632.90000000,627.40000000,628.30000000,9300.54300000,1636679699999,5861495.55320000,6936,4170.55900000,2629077.26770000,0
1636679700.0,628.30000000,628.80000000,622.80000000,628.00000000,18367.81600000,1636680599999,11492143.71850000,12151,8341.71600000,5220089.06580000,0
1636680600.0,628.00000000,632.60000000,627.00000000,632.00000000,12836.77300000,1636681499999,8096334.92510000,8975,6828.48400000,4306678.86200000,0
1636681500.0,631.90000000,633.50000000,631.50000000,632.90000000,9658.74900000,1636682399999,6111087.09660000,7448,5390.86200000,3410834.82530000,0
1636682400.0,632.90000000,634.50000000,632.50000000,632.80000000,20899.70800000,1636683299999,13236517.44470000,9503,9767.44300000,6185364.25120000,0
1636683300.0,632.90000000,633.00000000,631.70000000,632.70000000,6832.40400000,1636684199999,4320729.03630000,5415,3668.28700000,2319823.05600000,0
1636684200.0,632.70000000,633.00000000,629.20000000,631.80000000,8773.95300000,1636685099999,5537396.21170000,6377,3983.23000000,2513530.85900000,0
1636685100.0,631.80000000,633.20000000,631.20000000,631.50000000,7638.32800000,1636685999999,4828903.26190000,6058,3893.71000000,2461799.73270000,0
1636686000.0,631.50000000,632.20000000,629.50000000,630.00000000,7552.21100000,1636686899999,4762160.55800000,6224,3655.86700000,2305075.79500000,0
1636686900.0,630.00000000,632.10000000,629.80000000,631.30000000,8716.62900000,1636687799999,5503414.75290000,6198,4565.52100000,2882242.38200000,0
1636687800.0,631.20000000,631.30000000,629.60000000,630.60000000,8971.62600000,1636688699999,5655891.00130000,6533,4237.08200000,2671195.87760000,0
1636688700.0,630.70000000,633.20000000,630.40000000,632.80000000,8195.08500000,1636689599999,5181531.76270000,6147,3921.28900000,2479427.25340000,0
1636689600.0,632.80000000,633.10000000,631.20000000,631.50000000,6331.28700000,1636690499999,4002379.07180000,5693,3177.47800000,2008494.65510000,0
1636690500.0,631.50000000,632.60000000,630.70000000,631.90000000,4737.06000000,1636691399999,2993109.53130000,4872,2569.55300000,1623661.76040000,0
1636691400.0,632.00000000,633.40000000,631.50000000,633.00000000,6073.69600000,1636692299999,3844032.67640000,5438,2836.76300000,1795395.55750000,0
1636692300.0,633.00000000,633.50000000,631.70000000,632.10000000,8064.55600000,1636693199999,5103976.10540000,6433,4209.11500000,2663813.93690000,0
1636693200.0,632.10000000,633.00000000,631.70000000,632.80000000,3990.33900000,1636694099999,2523475.69510000,6727,2309.92900000,1460862.24250000,0
1636694100.0,632.70000000,632.80000000,631.40000000,631.50000000,4921.37500000,1636694999999,3110780.04800000,7086,2086.31400000,1318769.39400000,0
1636695000.0,631.50000000,631.70000000,630.30000000,630.30000000,4813.16900000,1636695899999,3037096.10210000,7305,2386.58400000,1506115.20830000,0
1636695900.0,630.30000000,630.60000000,628.10000000,628.80000000,8180.47600000,1636696799999,5149364.49020000,8639,3678.72800000,2315441.09410000,0
1636696800.0,628.90000000,631.10000000,628.10000000,629.50000000,9036.64300000,1636697699999,5691023.69280000,6940,4735.66500000,2981963.82190000,0
1636697700.0,629.60000000,631.30000000,629.00000000,631.00000000,6255.37800000,1636698599999,3943790.20550000,5886,3444.33900000,2171864.61410000,0
1636698600.0,631.00000000,632.50000000,630.30000000,631.80000000,7423.43000000,1636699499999,4688211.78230000,5677,3392.96600000,2142729.94300000,0
1636699500.0,631.70000000,631.80000000,626.50000000,627.00000000,9260.62200000,1636700399999,5827138.62230000,7284,3768.25300000,2371116.35290000,0
1636700400.0,627.00000000,627.70000000,623.80000000,624.60000000,12349.26000000,1636701299999,7724536.31470000,10609,5664.34200000,3543798.97720000,0
1636701300.0,624.60000000,625.80000000,623.10000000,624.20000000,13699.31100000,1636702199999,8556889.24510000,8884,6923.21600000,4325072.42340000,0
1636702200.0,624.20000000,626.00000000,622.40000000,623.50000000,10495.48500000,1636703099999,6548618.05240000,8341,4800.36100000,2995645.04630000,0
1636703100.0,623.50000000,623.60000000,620.90000000,623.30000000,11648.28400000,1636703999999,7247485.04470000,8947,5454.98000000,3393830.03350000,0
1636704000.0,623.20000000,625.90000000,620.80000000,625.80000000,9206.47100000,1636704899999,5737625.16030000,7768,4864.25000000,3032173.18510000,0
1636704900.0,625.80000000,626.60000000,624.60000000,625.00000000,6205.51000000,1636705799999,3882416.95050000,5692,2929.67800000,1833270.66940000,0
1636705800.0,625.00000000,627.10000000,624.00000000,627.00000000,7846.66000000,1636706699999,4907635.99980000,6348,4313.15200000,2697807.79670000,0
1636706700.0,627.00000000,627.80000000,626.10000000,627.30000000,5749.39100000,1636707599999,3606209.27890000,5592,3028.01300000,1899282.19660000,0
1636707600.0,627.30000000,627.30000000,625.00000000,625.60000000,7413.16000000,1636708499999,4638665.02900000,5953,3507.59700000,2194476.57740000,0
1636708500.0,625.50000000,625.60000000,619.40000000,619.90000000,13984.26700000,1636709399999,8702858.75700000,10553,4861.50400000,3024563.48420000,0
1636709400.0,619.90000000,622.50000000,614.90000000,620.40000000,31220.97300000,1636710299999,19295170.46900000,19894,15020.80300000,9283309.05730000,0
1636710300.0,620.40000000,621.80000000,612.20000000,613.60000000,23277.98400000,1636711199999,14333186.75070000,15622,10925.63500000,6727109.17870000,0
1636711200.0,613.60000000,615.70000000,610.10000000,613.20000000,22350.23400000,1636712099999,13693655.18460000,15974,10579.50900000,6482630.43960000,0
1636712100.0,613.10000000,618.70000000,612.30000000,615.60000000,11982.33400000,1636712999999,7375428.35780000,10777,6352.26700000,3909927.85490000,0
1636713000.0,615.70000000,617.90000000,613.80000000,615.00000000,14303.12000000,1636713899999,8807869.11570000,9392,7683.90400000,4731645.35750000,0
1636713900.0,615.10000000,615.90000000,611.40000000,612.40000000,10582.57100000,1636714799999,6493393.92020000,8499,4466.22600000,2740899.22930000,0
1636714800.0,612.40000000,614.90000000,610.60000000,614.10000000,14909.22500000,1636715699999,9138066.58780000,11468,8456.11900000,5182078.85640000,0
1636715700.0,614.20000000,617.00000000,613.90000000,616.30000000,9447.43200000,1636716599999,5817197.89220000,11224,4821.06800000,2968831.90410000,0
1636716600.0,616.20000000,617.70000000,614.40000000,614.50000000,7396.23700000,1636717499999,4558541.26640000,10140,3312.37300000,2041713.66840000,0
1636717500.0,614.50000000,614.50000000,610.80000000,613.30000000,11469.84200000,1636718399999,7025576.53910000,11662,5119.31500000,3136046.97970000,0
1636718400.0,613.20000000,616.50000000,608.50000000,616.40000000,23826.51200000,1636719299999,14596694.65780000,15343,11443.19300000,7012459.66300000,0
1636719300.0,616.40000000,619.60000000,615.60000000,617.60000000,13908.18900000,1636720199999,8593925.74740000,10633,7385.97900000,4563200.18040000,0
1636720200.0,617.60000000,617.60000000,614.10000000,615.00000000,8637.54900000,1636721099999,5317697.03200000,8452,4336.24800000,2669649.78090000,0
1636721100.0,615.00000000,616.90000000,613.60000000,615.90000000,7618.20100000,1636721999999,4688131.65930000,7286,3913.09900000,2408477.99840000,0
1636722000.0,616.00000000,617.90000000,613.20000000,613.30000000,10503.11400000,1636722899999,6461163.77390000,10328,4988.08000000,3069149.81970000,0
1636722900.0,613.30000000,614.00000000,609.80000000,613.80000000,12589.83000000,1636723799999,7701664.58850000,10556,5938.13000000,3633569.66880000,0
1636723800.0,613.70000000,616.00000000,612.00000000,615.60000000,11317.53200000,1636724699999,6952752.82350000,8526,6620.14200000,4067106.61230000,0
1636724700.0,615.60000000,616.90000000,614.10000000,615.90000000,8824.55500000,1636725599999,5433858.87290000,7963,5116.85600000,3150854.86020000,0
1636725600.0,616.00000000,617.30000000,615.20000000,616.20000000,9524.65300000,1636726499999,5870229.74490000,8373,4930.50100000,3038770.64420000,0
1636726500.0,616.10000000,616.40000000,613.40000000,613.80000000,8816.43200000,1636727399999,5424141.20480000,7664,4514.46900000,2777509.55220000,0
1636727400.0,613.80000000,616.30000000,613.10000000,615.20000000,14877.61900000,1636728299999,9143481.37980000,8700,7717.37600000,4742745.57590000,0
1636728300.0,615.30000000,618.00000000,614.50000000,616.40000000,18060.32300000,1636729199999,11134404.69020000,9696,9046.38000000,5576769.68140000,0
1636729200.0,616.50000000,617.30000000,613.90000000,614.50000000,9528.56800000,1636730099999,5867134.87340000,8082,4660.46100000,2869943.66230000,0
1636730100.0,614.50000000,615.00000000,610.90000000,612.50000000,14005.20700000,1636730999999,8585258.16350000,9883,6575.85200000,4031326.74330000,0
1636731000.0,612.50000000,614.00000000,611.40000000,614.00000000,8654.66800000,1636731899999,5303001.53570000,7450,4455.63900000,2730426.55400000,0
1636731900.0,614.00000000,616.80000000,613.00000000,613.30000000,12582.76100000,1636732799999,7738183.79600000,8519,6634.84600000,4079933.02340000,0
1636732800.0,613.40000000,613.80000000,610.00000000,613.00000000,24625.40100000,1636733699999,15075074.14380000,12095,11624.27600000,7116157.92620000,0
1636733700.0,613.00000000,614.80000000,608.00000000,608.70000000,17503.06700000,1636734599999,10702003.22050000,12621,7898.85500000,4832173.37150000,0
1636734600.0,608.70000000,609.60000000,603.60000000,604.90000000,22813.44500000,1636735499999,13841476.90160000,17809,10334.42400000,6271203.63090000,0
1636735500.0,604.90000000,611.00000000,602.70000000,610.80000000,21981.55400000,1636736399999,13347552.96520000,13134,11757.67000000,7138689.54360000,0
1636736400.0,610.90000000,618.80000000,608.90000000,613.50000000,21126.01700000,1636737299999,12943054.66270000,13440,11912.49100000,7301660.59950000,0
1636737300.0,613.40000000,614.30000000,609.80000000,614.00000000,9063.03600000,1636738199999,5549173.63570000,7898,4740.40200000,2902642.14950000,0
1636738200.0,614.00000000,614.40000000,612.50000000,614.40000000,8203.34800000,1636739099999,5032524.07310000,7078,4313.71900000,2646246.34760000,0
1636739100.0,614.40000000,616.90000000,613.50000000,616.60000000,7274.22700000,1636739999999,4473896.42810000,7628,3728.05500000,2293069.96900000,0
1636740000.0,616.70000000,620.80000000,616.00000000,619.50000000,16072.89500000,1636740899999,9943277.68430000,12048,8732.31300000,5401741.14640000,0
1636740900.0,619.50000000,624.20000000,618.90000000,622.80000000,16535.66000000,1636741799999,10293812.24470000,12359,8127.57800000,5059010.92270000,0
1636741800.0,622.90000000,624.30000000,621.80000000,622.30000000,12235.86100000,1636742699999,7627148.83430000,9792,6203.93500000,3867394.44210000,0
1636742700.0,622.20000000,623.70000000,621.30000000,622.70000000,7231.56200000,1636743599999,4502560.16810000,6877,3966.82000000,2469960.11850000,0
1636743600.0,622.70000000,623.40000000,621.60000000,621.70000000,5689.47400000,1636744499999,3541818.77440000,5884,2665.89800000,1659713.67550000,0
1636744500.0,621.80000000,622.20000000,618.30000000,619.20000000,9190.10200000,1636745399999,5699657.60460000,7260,4524.29700000,2805633.27060000,0
1636745400.0,619.20000000,621.00000000,618.40000000,620.30000000,5114.92200000,1636746299999,3172037.12330000,5869,2634.81800000,1633798.61010000,0
1636746300.0,620.40000000,621.00000000,619.70000000,620.30000000,4520.28200000,1636747199999,2804525.39900000,5273,2129.64100000,1321343.71180000,0
1636747200.0,620.20000000,625.30000000,620.20000000,625.00000000,11526.74700000,1636748099999,7184303.04680000,7980,5856.47300000,3649634.88530000,0
1636748100.0,625.10000000,625.30000000,622.50000000,623.70000000,5989.53400000,1636748999999,3735169.21530000,6069,3054.62600000,1905031.96500000,0
1636749000.0,623.80000000,625.90000000,623.70000000,625.30000000,9024.76400000,1636749899999,5641235.34390000,7420,4986.47200000,3116782.68330000,0
1636749900.0,625.40000000,627.20000000,624.70000000,626.30000000,9635.27300000,1636750799999,6032351.85860000,8149,4697.68100000,2940825.37790000,0
1636750800.0,626.30000000,627.60000000,625.30000000,627.50000000,8402.03600000,1636751699999,5264599.67380000,7625,4620.38900000,2894942.80720000,0
1636751700.0,627.50000000,628.60000000,625.40000000,626.10000000,7001.71400000,1636752599999,4390711.70400000,9063,4229.14900000,2652357.57340000,0
1636752600.0,626.10000000,627.40000000,625.40000000,626.30000000,5194.20300000,1636753499999,3253170.86830000,6661,2473.44600000,1549043.08310000,0
1636753500.0,626.40000000,626.80000000,623.40000000,624.40000000,5104.18200000,1636754399999,3188174.59700000,6843,2472.43300000,1544215.84810000,0
1636754400.0,624.40000000,626.60000000,624.30000000,625.10000000,6486.67200000,1636755299999,4058632.57310000,6157,3555.29200000,2224063.63060000,0
1636755300.0,625.10000000,625.40000000,622.80000000,623.70000000,6711.15700000,1636756199999,4188477.02760000,6502,3439.49500000,2146495.69320000,0
1636756200.0,623.60000000,624.70000000,623.40000000,624.10000000,3046.07400000,1636757099999,1900599.03940000,5527,1551.18800000,967985.61830000,0
1636757100.0,624.10000000,624.40000000,621.20000000,623.90000000,4556.31700000,1636757999999,2836673.79050000,6033,2208.99300000,1375470.28820000,0
1636758000.0,623.90000000,625.50000000,623.70000000,625.30000000,5253.05800000,1636758899999,3281531.73670000,5159,3123.34500000,1951177.27970000,0
1636758900.0,625.30000000,625.80000000,624.30000000,625.20000000,3668.76600000,1636759799999,2292645.50140000,4229,1859.63800000,1162241.57980000,0
1636759800.0,625.20000000,626.30000000,624.30000000,624.70000000,5618.94500000,1636760699999,3515103.87620000,4906,2718.51700000,1700640.03530000,0
1636760700.0,624.70000000,628.50000000,624.60000000,626.90000000,7086.69700000,1636761599999,4442911.21660000,5997,3870.67000000,2426707.92650000,0
1636761600.0,626.80000000,629.90000000,626.80000000,629.40000000,11384.69600000,1636762499999,7160225.40320000,9462,5945.58400000,3739462.91330000,0
1636762500.0,629.40000000,629.60000000,627.60000000,627.80000000,5160.62100000,1636763399999,3243981.96830000,5664,2555.16700000,1606143.12260000,0
1636763400.0,627.80000000,628.80000000,627.70000000,628.20000000,5637.43700000,1636764299999,3541843.65260000,5314,2636.47900000,1656488.57890000,0
1636764300.0,628.10000000,629.10000000,627.80000000,629.00000000,5535.78200000,1636765199999,3477637.67800000,5375,2665.91100000,1674847.72130000,0
1636765200.0,629.00000000,630.30000000,628.30000000,628.50000000,10369.99000000,1636766099999,6529598.48920000,6965,5158.00600000,3248061.74810000,0
1636766100.0,628.40000000,628.60000000,626.40000000,627.20000000,4264.48400000,1636766999999,2675468.55370000,5105,2193.17400000,1376059.56190000,0
1636767000.0,627.10000000,628.20000000,626.30000000,626.60000000,5679.10900000,1636767899999,3562290.30290000,5064,3158.49900000,1981235.04120000,0
1636767900.0,626.50000000,627.10000000,623.30000000,624.30000000,11282.56000000,1636768799999,7053193.18000000,7222,4529.77500000,2831916.06800000,0
1636768800.0,624.10000000,626.40000000,623.70000000,624.50000000,6567.36600000,1636769699999,4102901.69750000,5433,2832.41700000,1769617.89080000,0
1636769700.0,624.60000000,626.60000000,624.00000000,626.20000000,4576.50400000,1636770599999,2862847.36550000,4960,2381.63800000,1489864.77720000,0
1636770600.0,626.10000000,628.30000000,626.10000000,627.60000000,5152.62600000,1636771499999,3232912.42600000,5240,2569.52200000,1612282.37920000,0
1636771500.0,627.60000000,628.20000000,624.00000000,625.60000000,7811.81800000,1636772399999,4888670.23760000,6497,4227.48700000,2645546.16230000,0
1636772400.0,625.70000000,626.50000000,624.90000000,626.10000000,5352.63300000,1636773299999,3349551.70890000,5335,2444.82100000,1530028.37710000,0
1636773300.0,626.10000000,627.20000000,625.20000000,626.30000000,4321.30700000,1636774199999,2705067.23980000,4412,2525.63300000,1580947.72970000,0
1636774200.0,626.30000000,626.80000000,624.30000000,625.90000000,6789.16400000,1636775099999,4245417.09830000,5152,3426.18600000,2142445.85240000,0
1636775100.0,625.90000000,626.80000000,625.40000000,625.80000000,4730.25100000,1636775999999,2961249.06980000,4315,2628.03200000,1645266.50500000,0
1636776000.0,625.80000000,627.00000000,624.90000000,625.30000000,4078.68800000,1636776899999,2553251.89900000,4398,1883.10000000,1179021.27070000,0
1636776900.0,625.30000000,626.10000000,623.60000000,625.70000000,6126.29800000,1636777799999,3828040.20830000,4438,2498.34800000,1561163.37160000,0
1636777800.0,625.70000000,626.40000000,624.60000000,625.40000000,4312.53900000,1636778699999,2698186.72510000,4365,2134.80800000,1335696.09730000,0
1636778700.0,625.50000000,626.20000000,623.80000000,624.30000000,5480.69400000,1636779599999,3424831.68180000,4736,2726.42200000,1703895.38190000,0
1636779600.0,624.30000000,624.60000000,619.60000000,620.80000000,16864.34300000,1636780499999,10486324.62120000,10702,7200.90500000,4477332.31810000,0
1636780500.0,620.90000000,623.30000000,620.80000000,622.00000000,5477.31500000,1636781399999,3409623.47230000,7174,2408.23000000,1499068.12160000,0
1636781400.0,622.00000000,622.30000000,620.60000000,620.90000000,4323.06700000,1636782299999,2686712.87360000,6744,1988.03800000,1235568.50910000,0
1636782300.0,620.90000000,622.70000000,620.80000000,622.10000000,5303.51800000,1636783199999,3298064.81530000,6654,2774.09500000,1724994.39450000,0
1636783200.0,622.10000000,623.80000000,622.00000000,623.00000000,4532.38200000,1636784099999,2823676.41060000,5807,2109.02100000,1313914.19960000,0
1636784100.0,623.10000000,624.20000000,622.20000000,623.90000000,7737.74600000,1636784999999,4821000.81050000,6110,4750.30400000,2959407.89910000,0
1636785000.0,623.90000000,624.80000000,623.30000000,624.20000000,4893.82500000,1636785899999,3054637.73400000,6051,1986.56900000,1239970.99500000,0
1636785900.0,624.20000000,626.00000000,624.10000000,626.00000000,4798.68300000,1636786799999,3000520.24420000,6122,2539.01200000,1587617.83350000,0
1636786800.0,626.00000000,626.00000000,624.60000000,625.40000000,5241.77100000,1636787699999,3277625.44450000,6827,2494.70700000,1559935.00350000,0
1636787700.0,625.30000000,625.50000000,623.80000000,624.00000000,6057.63600000,1636788599999,3784408.56760000,7109,2267.16000000,1416497.95820000,0
1636788600.0,624.00000000,625.30000000,622.90000000,625.10000000,6645.14800000,1636789499999,4145673.82470000,7837,3861.10800000,2408884.61550000,0
1636789500.0,625.00000000,627.50000000,624.90000000,627.10000000,7437.82900000,1636790399999,4658366.12220000,8539,3784.43500000,2370191.87780000,0
1636790400.0,627.00000000,627.90000000,626.40000000,627.80000000,6551.72700000,1636791299999,4108906.83570000,7396,3234.67900000,2028692.68550000,0
1636791300.0,627.80000000,628.70000000,627.40000000,627.40000000,6399.98700000,1636792199999,4020092.37260000,7213,3270.33600000,2054355.42920000,0
1636792200.0,627.50000000,627.50000000,625.90000000,626.00000000,5843.31800000,1636793099999,3662195.89350000,6889,2875.49300000,1802213.04910000,0
1636793100.0,625.90000000,628.20000000,625.90000000,626.70000000,7433.31600000,1636793999999,4662757.62270000,7089,3703.13300000,2323041.91760000,0
1636794000.0,626.80000000,628.50000000,625.90000000,626.20000000,7123.65700000,1636794899999,4469495.88320000,6700,3103.81500000,1947278.22810000,0
1636794900.0,626.20000000,626.80000000,624.40000000,625.80000000,6661.30600000,1636795799999,4167807.28790000,6481,3219.49200000,2014281.26350000,0
1636795800.0,625.70000000,626.20000000,624.50000000,625.30000000,6411.62800000,1636796699999,4009693.74160000,6532,3210.70100000,2008043.71150000,0
1636796700.0,625.30000000,625.50000000,623.00000000,624.60000000,7513.50000000,1636797599999,4690236.14410000,7131,3772.64700000,2355022.49630000,0
1636797600.0,624.70000000,627.30000000,623.70000000,627.20000000,10661.82000000,1636798499999,6669396.14210000,8000,5709.17700000,3571729.60150000,0
1636798500.0,627.30000000,627.80000000,625.30000000,625.40000000,6838.06900000,1636799399999,4285875.26550000,7057,3472.70800000,2176620.62230000,0
1636799400.0,625.30000000,627.10000000,625.30000000,627.10000000,5517.31000000,1636800299999,3455343.82800000,6160,2748.11600000,1721247.76820000,0
1636800300.0,627.10000000,628.00000000,626.90000000,627.80000000,8018.73700000,1636801199999,5031240.59920000,6748,4152.49900000,2605482.03540000,0
1636801200.0,627.80000000,628.00000000,626.70000000,627.90000000,10153.03900000,1636802099999,6371275.88920000,7067,6068.56200000,3807997.77230000,0
1636802100.0,627.90000000,633.00000000,627.70000000,632.90000000,22549.54200000,1636802999999,14220180.79940000,15388,14313.35200000,9024497.89230000,0
1636803000.0,632.80000000,634.00000000,630.00000000,632.60000000,15172.13100000,1636803899999,9590689.33870000,13132,7931.14500000,5013529.81470000,0
1636803900.0,632.60000000,632.90000000,630.60000000,632.60000000,8612.12100000,1636804799999,5439559.95160000,7241,4301.28200000,2716634.14750000,0
1636804800.0,632.60000000,634.10000000,631.50000000,632.90000000,20187.20000000,1636805699999,12783697.75090000,14931,9860.64300000,6244120.39590000,0
1636805700.0,632.90000000,633.20000000,630.60000000,631.50000000,7208.83000000,1636806599999,4556044.69490000,11403,3707.11800000,2343230.34640000,0
1636806600.0,631.50000000,631.60000000,627.90000000,628.40000000,9849.90200000,1636807499999,6197362.61120000,13305,4851.47600000,3052097.54320000,0
1636807500.0,628.30000000,630.70000000,627.70000000,629.00000000,9337.36000000,1636808399999,5873895.99310000,12819,4899.83000000,3082647.22570000,0
1636808400.0,629.00000000,632.40000000,628.50000000,632.40000000,7557.23500000,1636809299999,4766888.91810000,7615,4138.79800000,2610457.37060000,0
1636809300.0,632.40000000,633.10000000,631.00000000,631.60000000,7675.80600000,1636810199999,4849293.31370000,7750,4106.31500000,2594383.96170000,0
1636810200.0,631.60000000,631.60000000,629.80000000,630.40000000,7664.40000000,1636811099999,4831578.14430000,7037,4478.89900000,2823611.61850000,0
1636811100.0,630.40000000,631.80000000,629.90000000,631.70000000,6221.39300000,1636811999999,3921869.44960000,7184,3526.56900000,2223192.75930000,0
1636812000.0,631.70000000,639.00000000,631.40000000,638.30000000,29811.83500000,1636812899999,18939312.74540000,25104,16220.06500000,10305771.92890000,0
1636812900.0,638.30000000,640.50000000,636.60000000,640.30000000,21603.40000000,1636813799999,13794401.70960000,16474,11352.14300000,7249033.77020000,0
1636813800.0,640.30000000,645.30000000,639.00000000,641.20000000,24051.20800000,1636814699999,15449888.82720000,26244,13118.93600000,8427715.87400000,0
1636814700.0,641.20000000,645.40000000,639.40000000,644.80000000,21785.15800000,1636815599999,13992827.08560000,13635,11431.61400000,7342018.86980000,0
1636815600.0,644.80000000,648.10000000,644.40000000,645.80000000,26936.09300000,1636816499999,17408099.24630000,21514,12365.67800000,7992689.29790000,0
1636816500.0,645.80000000,646.60000000,643.40000000,646.20000000,15545.81400000,1636817399999,10033898.78150000,12555,6708.44900000,4329246.48900000,0
1636817400.0,646.20000000,650.00000000,645.50000000,648.10000000,17051.89100000,1636818299999,11050982.35050000,17284,9825.33700000,6367507.87640000,0
1636818300.0,648.20000000,649.20000000,645.10000000,649.10000000,20320.86600000,1636819199999,13151517.96890000,14005,10704.40500000,6928072.29270000,0
1636819200.0,649.00000000,650.00000000,647.10000000,648.60000000,18906.97700000,1636820099999,12265851.13760000,10806,11028.63300000,7155059.98900000,0
1636820100.0,648.60000000,648.90000000,646.90000000,648.60000000,13587.88500000,1636820999999,8806828.43250000,9485,7527.20600000,4879067.62780000,0
1636821000.0,648.60000000,650.60000000,648.60000000,650.40000000,16715.20400000,1636821899999,10860308.20640000,11373,10949.90600000,7114304.43790000,0
1636821900.0,650.40000000,653.70000000,650.30000000,651.30000000,24391.19700000,1636822799999,15906198.51200000,23776,13240.91100000,8635458.78270000,0
1636822800.0,651.30000000,653.50000000,649.50000000,650.10000000,13038.18600000,1636823699999,8497653.75840000,10398,6738.17600000,4391207.43440000,0
1636823700.0,650.10000000,653.10000000,649.80000000,652.70000000,9451.36900000,1636824599999,6153975.87870000,8272,4809.19800000,3131835.27620000,0
1636824600.0,652.70000000,655.00000000,652.70000000,654.50000000,10217.25300000,1636825499999,6681821.30370000,10147,5594.91600000,3659165.17520000,0
1636825500.0,654.40000000,654.90000000,651.70000000,653.20000000,14094.02300000,1636826399999,9203475.15670000,10443,6690.08500000,4368579.83210000,0
1636826400.0,653.20000000,654.80000000,653.00000000,654.50000000,9549.88700000,1636827299999,6244292.28640000,8417,4479.50700000,2929147.20590000,0
1636827300.0,654.40000000,654.50000000,650.70000000,652.00000000,8167.85700000,1636828199999,5325769.68640000,7869,3991.86500000,2602819.97150000,0
1636828200.0,651.90000000,652.50000000,645.70000000,648.70000000,15302.17100000,1636829099999,9934092.85060000,12552,6363.18400000,4130189.72100000,0
1636829100.0,648.70000000,649.60000000,644.40000000,647.70000000,14808.61500000,1636829999999,9580025.67900000,9561,7335.73100000,4746098.56370000,0
1636830000.0,647.60000000,648.90000000,644.40000000,645.30000000,14991.04700000,1636830899999,9689579.31030000,9264,7016.59600000,4535037.94680000,0
1636830900.0,645.30000000,646.50000000,642.00000000,644.90000000,12971.24000000,1636831799999,8357790.18190000,9863,5641.94600000,3636462.07330000,0
1636831800.0,644.90000000,647.80000000,644.70000000,647.70000000,6433.85000000,1636832699999,4159910.43710000,7131,3781.35200000,2444786.38720000,0
1636832700.0,647.70000000,648.20000000,645.60000000,646.30000000,6506.21400000,1636833599999,4206461.62640000,6462,3239.25500000,2094307.30170000,0
1636833600.0,646.40000000,649.30000000,646.30000000,648.40000000,7362.54300000,1636834499999,4770899.75930000,6414,3746.01300000,2427038.29080000,0
1636834500.0,648.50000000,649.50000000,647.50000000,648.70000000,6379.65900000,1636835399999,4138615.35550000,6127,3524.86000000,2286613.32330000,0
1636835400.0,648.70000000,650.20000000,648.50000000,649.60000000,5375.50900000,1636836299999,3492269.91290000,6118,2902.06000000,1885482.59590000,0
1636836300.0,649.60000000,653.90000000,649.40000000,653.30000000,10794.87900000,1636837199999,7042957.68720000,8557,5619.02900000,3665654.51550000,0
1636837200.0,653.40000000,654.10000000,650.30000000,651.10000000,7318.26600000,1636838099999,4772515.49370000,8652,3893.51200000,2538417.05320000,0
1636838100.0,651.10000000,652.10000000,650.60000000,651.00000000,4229.88200000,1636838999999,2754616.87380000,7044,2384.40800000,1552873.48210000,0
1636839000.0,651.00000000,651.10000000,649.20000000,649.80000000,5075.73000000,1636839899999,3299161.84160000,8028,2621.20100000,1703794.92590000,0
1636839900.0,649.70000000,651.20000000,648.50000000,651.00000000,5872.08800000,1636840799999,3816637.59300000,8096,3153.53000000,2049717.02720000,0
1636840800.0,651.00000000,653.10000000,649.90000000,652.90000000,6164.03500000,1636841699999,4013793.89870000,9254,3148.37600000,2050016.77530000,0
1636841700.0,652.80000000,653.10000000,650.80000000,652.30000000,6379.04800000,1636842599999,4158634.09670000,9225,3390.62200000,2210367.79720000,0
1636842600.0,652.40000000,652.60000000,651.20000000,652.10000000,3725.26700000,1636843499999,2428578.90660000,7978,2009.75700000,1310282.29770000,0
1636843500.0,652.20000000,652.20000000,650.10000000,650.90000000,5954.51100000,1636844399999,3877357.54750000,7989,2661.61000000,1733292.23230000,0
1636844400.0,650.90000000,652.30000000,650.50000000,651.80000000,3612.76400000,1636845299999,2353911.05350000,6766,1875.48300000,1222079.11180000,0
1636845300.0,651.90000000,652.10000000,650.80000000,651.30000000,3874.28900000,1636846199999,2524372.57120000,6771,2011.88600000,1310955.01060000,0
1636846200.0,651.30000000,651.30000000,649.40000000,649.80000000,5520.45900000,1636847099999,3588920.69460000,7394,3015.98700000,1960824.76490000,0
1636847100.0,649.70000000,651.10000000,649.20000000,649.50000000,5138.42400000,1636847999999,3339974.91070000,6854,2728.31800000,1773446.88680000,0
1636848000.0,649.50000000,650.60000000,648.10000000,650.60000000,11508.48400000,1636848899999,7472989.16140000,9572,4416.70900000,2869443.19950000,0
1636848900.0,650.60000000,654.60000000,650.50000000,653.60000000,11311.72400000,1636849799999,7388747.58130000,10763,6090.06900000,3978323.16510000,0
1636849800.0,653.60000000,655.60000000,652.80000000,655.10000000,9949.66000000,1636850699999,6509176.89410000,11667,5699.89900000,3729599.03170000,0
1636850700.0,655.10000000,655.20000000,653.10000000,653.60000000,4987.83900000,1636851599999,3263109.25720000,8589,2314.14700000,1514026.56020000,0
1636851600.0,653.60000000,655.00000000,653.20000000,653.50000000,5320.65300000,1636852499999,3481675.90750000,5117,2643.03500000,1729654.04740000,0
1636852500.0,653.50000000,654.70000000,651.90000000,652.30000000,7421.48700000,1636853399999,4851083.78860000,5452,3046.11700000,1991411.56040000,0
1636853400.0,652.30000000,652.60000000,649.40000000,649.80000000,7050.84400000,1636854299999,4588200.76410000,6333,3440.09200000,2238734.96470000,0
1636854300.0,649.90000000,650.90000000,649.80000000,650.50000000,4472.95700000,1636855199999,2909464.19610000,4726,2519.84400000,1639183.72690000,0
1636855200.0,650.50000000,651.70000000,650.40000000,650.90000000,6418.91600000,1636856099999,4178772.02980000,4995,4347.92100000,2830356.75600000,0
1636856100.0,650.80000000,651.10000000,648.70000000,649.50000000,5072.30900000,1636856999999,3296136.57640000,4951,2519.67300000,1637497.70050000,0
1636857000.0,649.40000000,650.00000000,647.20000000,647.70000000,6025.91100000,1636857899999,3907150.93280000,5651,2936.17500000,1904002.28240000,0
1636857900.0,647.70000000,648.70000000,647.30000000,647.50000000,4098.34600000,1636858799999,2655249.60750000,4294,2055.85400000,1332098.68430000,0
1636858800.0,647.40000000,648.60000000,646.90000000,647.00000000,4256.75000000,1636859699999,2758432.22420000,7842,1958.79600000,1269456.66190000,0
1636859700.0,647.10000000,648.70000000,646.20000000,646.70000000,6050.17300000,1636860599999,3915238.27060000,8533,2605.63400000,1686229.46600000,0
1636860600.0,646.80000000,647.40000000,645.80000000,646.20000000,3683.07200000,1636861499999,2382074.84720000,7867,1971.97400000,1275463.99970000,0
1636861500.0,646.10000000,646.40000000,645.20000000,646.30000000,4510.17800000,1636862399999,2913202.70170000,8251,2390.75200000,1544328.83630000,0
1636862400.0,646.30000000,647.10000000,645.10000000,645.20000000,8095.49900000,1636863299999,5231803.94810000,5032,2673.25000000,1727876.75810000,0
1636863300.0,645.20000000,645.70000000,641.50000000,644.10000000,14078.21800000,1636864199999,9072715.73680000,9069,5552.08000000,3578684.21150000,0
1636864200.0,644.20000000,645.30000000,643.00000000,644.30000000,8286.73200000,1636865099999,5336679.46400000,5646,4554.15800000,2932219.02920000,0
1636865100.0,644.30000000,645.00000000,643.70000000,644.50000000,4940.72800000,1636865999999,3183233.04780000,4641,2348.64800000,1513234.25000000,0
1636866000.0,644.40000000,644.80000000,642.80000000,644.80000000,8936.01300000,1636866899999,5752071.91560000,5106,5765.66300000,3711420.65440000,0
1636866900.0,644.70000000,645.80000000,643.00000000,644.40000000,4895.88500000,1636867799999,3154615.46580000,4710,2430.40100000,1565928.07500000,0
1636867800.0,644.50000000,646.00000000,644.10000000,645.40000000,5671.66700000,1636868699999,3659868.34160000,4851,3165.88700000,2043027.57420000,0
1636868700.0,645.50000000,647.10000000,644.60000000,646.80000000,7231.05700000,1636869599999,4671659.02110000,5360,3546.87900000,2291764.36910000,0
1636869600.0,646.90000000,647.70000000,646.00000000,646.70000000,7442.52100000,1636870499999,4815168.21750000,6100,3652.63200000,2363169.09470000,0
1636870500.0,646.60000000,647.50000000,645.20000000,647.40000000,6400.71900000,1636871399999,4137173.50510000,5448,3766.16900000,2434407.73660000,0
1636871400.0,647.50000000,648.20000000,645.40000000,645.70000000,6883.49100000,1636872299999,4451988.68920000,5399,3321.38600000,2148173.61120000,0
1636872300.0,645.60000000,647.50000000,645.50000000,646.60000000,5918.48200000,1636873199999,3827219.59490000,5217,3062.96500000,1980569.82460000,0
1636873200.0,646.70000000,647.60000000,646.20000000,646.90000000,5865.01400000,1636874099999,3794261.98720000,7738,3006.61700000,1945092.69210000,0
1636874100.0,647.00000000,647.00000000,644.70000000,645.20000000,7830.65900000,1636874999999,5055925.38260000,9365,3487.70200000,2251675.58440000,0
1636875000.0,645.20000000,645.20000000,641.80000000,643.70000000,10030.87100000,1636875899999,6455894.35800000,10460,4636.60900000,2983957.32050000,0
1636875900.0,643.80000000,645.80000000,642.20000000,645.30000000,9577.02400000,1636876799999,6169629.26560000,9337,5016.95500000,3232321.42520000,0
1636876800.0,645.40000000,645.60000000,641.60000000,641.90000000,11367.26800000,1636877699999,7311580.99810000,10616,5015.70200000,3226078.72660000,0
1636877700.0,641.90000000,641.90000000,636.70000000,637.40000000,16851.62700000,1636878599999,10772696.80360000,14425,7157.31600000,4574676.16320000,0
